seed,converged,periods,delta,outcome,cycle_len,p1_mean,p2_mean,cycle_price_idx
1,True,1805311,0.9262500294506304,preco_constante,1,1.8151963132637423,1.8151963132637423,11-11
2,True,1945312,0.7474845243612063,preco_constante,1,1.6989537895241924,1.7377012974373758,8-9
3,True,1737138,0.9262500294506304,preco_constante,1,1.8151963132637423,1.8151963132637423,11-11
4,True,1905324,0.7474845243612063,preco_constante,1,1.7377012974373758,1.6989537895241924,9-8
5,True,2897981,0.5879505526369445,preco_constante,1,1.6989537895241924,1.6214587736978259,8-6
6,True,2822223,0.87300989440636,ciclo,2,1.892691329090109,1.7958225593071506,15-8;11-13
7,True,2713780,0.6882825512249104,preco_constante,1,1.7377012974373758,1.660206281611009,9-7
8,True,1844170,0.9802709982858991,preco_constante,1,1.8539438211769257,1.892691329090109,12-13
9,True,1767102,0.946121430644497,ciclo,2,1.834570067220334,1.834570067220334,11-12;12-11
10,True,2029131,0.946121430644497,preco_constante,1,1.8151963132637423,1.8539438211769257,11-12
11,True,1829272,0.8064389550630543,ciclo,3,1.750617133408437,1.8022804772926813,6-12;10-9;12-11
12,True,1653735,0.7338166582979364,ciclo,2,1.7377012974373758,1.718327543480784,9-11;9-6
13,True,1641385,0.9509539129496632,ciclo,2,1.834570067220334,1.8539438211769257,11-13;12-11
14,True,2002276,0.7939632815128828,preco_constante,1,1.7377012974373758,1.7377012974373758,9-9
15,True,1745439,0.7474845243612063,preco_constante,1,1.7377012974373758,1.6989537895241924,9-8
16,True,1830596,0.9950246660746837,ciclo,2,1.9120650830467008,1.9508125909598841,13-14;14-15
17,True,1920510,0.9934204037509164,preco_constante,1,1.892691329090109,1.892691329090109,13-13
18,True,1948231,0.9577075868545124,ciclo,2,1.8539438211769257,1.892691329090109,10-13;14-13
19,True,2079954,0.6075637744565859,preco_constante,1,1.660206281611009,1.660206281611009,7-7
20,True,1858722,0.9997339378191982,preco_constante,1,1.9314388370032924,1.9314388370032924,14-14
21,True,2170320,0.9997339378191982,preco_constante,1,1.9314388370032924,1.9314388370032924,14-14
22,True,1746334,0.9685979680168119,preco_constante,1,1.8539438211769257,1.8539438211769257,12-12
23,True,1511058,0.9387070214608291,ciclo,2,1.834570067220334,1.8539438211769257,12-14;11-10
24,True,1663184,0.6538149361766092,preco_constante,1,1.660206281611009,1.6989537895241924,7-8
25,True,1952345,0.9557863952548299,preco_constante,1,1.892691329090109,1.8151963132637423,13-11
26,True,1772686,0.9262500294506304,preco_constante,1,1.8151963132637423,1.8151963132637423,11-11
27,True,2820635,0.9675234611387967,ciclo,3,1.8539438211769257,1.892691329090109,12-15;13-12;11-12
28,True,1822311,0.946121430644497,preco_constante,1,1.8539438211769257,1.8151963132637423,12-11
29,True,1763379,0.8626201087004418,ciclo,2,1.834570067220334,1.7958225593071506,13-8;10-13
30,True,1610339,0.9377987047593325,ciclo,3,1.892691329090109,1.8668596571479867,12-15;12-13;15-9
31,True,1667837,0.8283797700775372,preco_constante,1,1.776448805350559,1.7377012974373758,10-9
32,True,1787731,0.946121430644497,preco_constante,1,1.8151963132637423,1.8539438211769257,11-12
33,True,1714132,0.8516025823657687,ciclo,2,1.8151963132637423,1.7958225593071506,8-8;14-13
34,True,1694191,0.8283797700775372,preco_constante,1,1.7377012974373758,1.776448805350559,9-10
35,True,2849097,0.5487978714482782,preco_constante,1,1.6214587736978259,1.660206281611009,6-7
36,True,1644566,0.7827987468856117,ciclo,2,1.7958225593071506,1.776448805350559,6-9;15-11
37,True,2120346,0.776660268632922,preco_constante,1,1.776448805350559,1.6989537895241924,10-8
38,True,1687027,0.7219285824234948,ciclo,2,1.6989537895241924,1.7377012974373756,10-11;6-7
39,True,1782205,0.717628132115121,ciclo,3,1.6989537895241924,1.7377012974373758,5-9;9-9;10-9
40,True,2528807,0.6882825512249104,preco_constante,1,1.7377012974373758,1.660206281611009,9-7
41,True,1795406,0.9802709982858991,preco_constante,1,1.8539438211769257,1.892691329090109,12-13
42,True,2714825,0.48196798361343046,ciclo,2,1.6020850197412342,1.6408325276544176,7-8;4-5
43,True,1767262,0.9262500294506304,preco_constante,1,1.8151963132637423,1.8151963132637423,11-11
44,True,1707099,0.9934204037509164,preco_constante,1,1.892691329090109,1.892691329090109,13-13
45,True,1874477,0.9262500294506304,preco_constante,1,1.8151963132637423,1.8151963132637423,11-11
46,True,1876390,0.946121430644497,preco_constante,1,1.8151963132637423,1.8539438211769257,11-12
47,True,1886923,0.8283797700775372,preco_constante,1,1.7377012974373758,1.776448805350559,9-10
48,True,1554214,0.8675865940474076,preco_constante,1,1.776448805350559,1.776448805350559,10-10
49,True,1710363,0.7068087514280333,preco_constante,1,1.6989537895241924,1.6989537895241924,8-8
50,True,2166714,0.8283797700775372,preco_constante,1,1.776448805350559,1.7377012974373758,10-9
51,True,1503263,0.7939632815128828,preco_constante,1,1.7377012974373758,1.7377012974373758,9-9
52,True,1710977,0.9262500294506304,preco_constante,1,1.8151963132637423,1.8151963132637423,11-11
53,True,1997625,0.9094446061177381,ciclo,2,1.834570067220334,1.8539438211769257,13-15;10-9
54,True,2307173,0.9823547495229467,preco_constante,1,1.8539438211769257,1.9314388370032924,12-14
55,True,1850882,0.7498796734024297,ciclo,2,1.7377012974373758,1.7377012974373756,6-8;12-10
56,True,1853285,0.9254228443267705,ciclo,2,1.834570067220334,1.8151963132637423,13-11;10-11
57,True,1966808,0.8904877219553811,ciclo,2,1.834570067220334,1.8539438211769257,8-12;15-12
58,True,2817181,0.8175529802381918,ciclo,4,1.8636306981552215,1.7861356823288548,11-15;12-12;12-4;14-10
59,True,1990414,0.7653376955578035,ciclo,3,1.7506171334084366,1.7247854614663147,9-6;10-9;9-11
60,True,1844231,0.7474845243612063,preco_constante,1,1.7377012974373758,1.6989537895241924,9-8
61,True,2190349,0.9950246660746837,ciclo,2,1.9314388370032924,1.9314388370032924,14-15;14-13
62,True,1768778,0.8675865940474076,preco_constante,1,1.776448805350559,1.776448805350559,10-10
63,True,2411729,0.6764116047058633,ciclo,2,1.6989537895241924,1.7377012974373758,6-5;10-13
64,True,1850060,0.946121430644497,preco_constante,1,1.8151963132637423,1.8539438211769257,11-12
65,True,1659673,0.9557863952548299,preco_constante,1,1.892691329090109,1.8151963132637423,13-11
66,True,1872332,0.7765061529791256,ciclo,2,1.7570750513939675,1.776448805350559,13-10;6-10
67,True,1752951,0.8283797700775372,preco_constante,1,1.7377012974373758,1.776448805350559,9-10
68,True,1947548,0.946121430644497,preco_constante,1,1.8539438211769257,1.8151963132637423,12-11
69,True,2589548,0.6882825512249104,preco_constante,1,1.7377012974373758,1.660206281611009,9-7
70,True,1766150,0.8675865940474076,preco_constante,1,1.776448805350559,1.776448805350559,10-10
71,True,1513545,0.8118743721824423,ciclo,2,1.7377012974373756,1.776448805350559,8-11;10-9
72,True,1798716,0.9963964133035035,preco_constante,1,1.892691329090109,1.9314388370032924,13-14
73,True,2156795,0.6903511895126976,ciclo,3,1.7893646413216204,1.8281121492348034,14-12;2-12;15-10
74,True,1621683,0.8675865940474076,preco_constante,1,1.776448805350559,1.776448805350559,10-10
75,True,1685087,0.9997339378191982,preco_constante,1,1.9314388370032924,1.9314388370032924,14-14
76,True,1921360,0.9262500294506304,preco_constante,1,1.8151963132637423,1.8151963132637423,11-11
77,True,1771685,0.7939632815128828,preco_constante,1,1.7377012974373758,1.7377012974373758,9-9
78,True,1815025,0.9361857300475634,ciclo,2,1.834570067220334,1.8151963132637423,11-11;12-11
79,True,1710036,0.9118087941679149,preco_constante,1,1.776448805350559,1.8539438211769257,10-12
80,True,1718189,0.7474845243612063,preco_constante,1,1.7377012974373758,1.6989537895241924,9-8
81,True,1540637,0.8283797700775372,preco_constante,1,1.776448805350559,1.7377012974373758,10-9
82,True,1540779,0.8950592933987115,preco_constante,1,1.776448805350559,1.8151963132637423,10-11
83,True,2350621,0.5487978714482782,preco_constante,1,1.660206281611009,1.6214587736978259,7-6
84,True,1759918,0.9262500294506304,preco_constante,1,1.8151963132637423,1.8151963132637423,11-11
85,True,2644250,0.8514551490417762,ciclo,2,1.7958225593071506,1.7570750513939672,11-11;10-8
86,True,1693915,0.8283797700775372,preco_constante,1,1.776448805350559,1.7377012974373758,10-9
87,True,1697722,0.8153488629474307,ciclo,3,1.78936464132162,1.78936464132162,8-6;10-10;13-15
88,True,1739724,0.7503860164704581,ciclo,2,1.718327543480784,1.718327543480784,8-8;9-9
89,True,1817767,0.946121430644497,preco_constante,1,1.8539438211769257,1.8151963132637423,12-11
90,True,1878129,0.8675865940474076,preco_constante,1,1.776448805350559,1.776448805350559,10-10
91,True,1912666,0.8950592933987115,preco_constante,1,1.8151963132637423,1.776448805350559,11-10
92,True,1977202,0.8675865940474076,preco_constante,1,1.776448805350559,1.776448805350559,10-10
93,True,1861074,0.7939632815128828,preco_constante,1,1.7377012974373758,1.7377012974373758,9-9
94,True,2253234,0.7409612941788294,ciclo,3,1.7377012974373758,1.750617133408437,13-9;6-7;8-12
95,True,1624963,0.8112064520967106,ciclo,2,1.7570750513939672,1.776448805350559,7-8;12-12
96,True,2086935,0.7296627011030279,ciclo,3,1.7247854614663147,1.7247854614663147,9-10;8-5;9-11
97,True,1486805,0.6885888207629077,ciclo,2,1.6989537895241924,1.6989537895241924,10-9;6-7
98,True,2975873,0.6677175384990753,ciclo,2,1.718327543480784,1.6602062816110092,8-6;9-8
99,True,1586895,0.9262500294506304,preco_constante,1,1.8151963132637423,1.8151963132637423,11-11
100,True,1794268,0.8555743329332445,ciclo,7,1.781984163623871,1.831802388083678,11-14;11-15;11-11;10-9;10-7;6-10;12-14
101,True,2074287,0.7029689980763115,ciclo,4,1.7473881744156714,1.72801442045908,9-10;11-10;5-10;12-5
102,True,1873163,0.9802709982858991,preco_constante,1,1.8539438211769257,1.892691329090109,12-13
103,True,1505957,0.9470788736571483,ciclo,2,1.892691329090109,1.8733175751335174,12-15;14-10
104,True,1682980,0.7068087514280333,preco_constante,1,1.6989537895241924,1.6989537895241924,8-8
105,True,1904815,0.9262500294506304,preco_constante,1,1.8151963132637423,1.8151963132637423,11-11
106,True,2290300,0.5747845736140342,ciclo,7,1.6768123564309445,1.671276998157633,4-6;9-3;7-12;7-7;10-10;10-9;5-4
107,True,1785490,0.946121430644497,preco_constante,1,1.8151963132637423,1.8539438211769257,11-12
108,True,2629796,0.7540321682745892,ciclo,2,1.776448805350559,1.7183275434807839,8-10;12-7
109,True,1854876,0.8283797700775372,preco_constante,1,1.7377012974373758,1.776448805350559,9-10
110,True,1683761,0.8950592933987115,preco_constante,1,1.8151963132637423,1.776448805350559,11-10
111,True,1740084,0.9802709982858991,preco_constante,1,1.892691329090109,1.8539438211769257,13-12
112,True,1725169,0.9685979680168119,preco_constante,1,1.8539438211769257,1.8539438211769257,12-12
113,True,1893675,0.9997339378191982,preco_constante,1,1.9314388370032924,1.9314388370032924,14-14
114,True,2083853,0.7975154414913296,ciclo,2,1.776448805350559,1.834570067220334,12-8;8-15
115,True,1790022,0.7068087514280333,preco_constante,1,1.6989537895241924,1.6989537895241924,8-8
116,True,1823757,0.9802709982858991,preco_constante,1,1.892691329090109,1.8539438211769257,13-12
117,True,2609507,0.7939632815128828,preco_constante,1,1.7377012974373758,1.7377012974373758,9-9
118,True,1823208,0.9685979680168119,preco_constante,1,1.8539438211769257,1.8539438211769257,12-12
119,True,1598467,0.8283797700775372,preco_constante,1,1.7377012974373758,1.776448805350559,9-10
120,True,2136980,0.7053269070928258,ciclo,2,1.7377012974373756,1.6989537895241924,10-6;8-10
121,True,1715321,0.9963964133035035,preco_constante,1,1.9314388370032924,1.892691329090109,14-13
122,True,1732476,0.9965771707850571,ciclo,2,1.9120650830467008,1.9120650830467008,13-13;14-14
123,True,1752395,0.8420646670911579,ciclo,6,1.8151963132637423,1.8151963132637423,10-5;9-11;13-14;7-10;14-15;13-11
124,True,1691933,0.9685979680168119,preco_constante,1,1.8539438211769257,1.8539438211769257,12-12
125,True,1691398,0.8283797700775372,preco_constante,1,1.7377012974373758,1.776448805350559,9-10
126,True,1824547,0.7007635279847346,ciclo,2,1.6989537895241924,1.6989537895241924,7-7;9-9
127,True,2009719,0.8950592933987115,preco_constante,1,1.776448805350559,1.8151963132637423,10-11
128,True,1814083,0.8950592933987115,preco_constante,1,1.8151963132637423,1.776448805350559,11-10
129,True,1779900,0.9802709982858991,preco_constante,1,1.8539438211769257,1.892691329090109,12-13
130,True,1536996,0.946121430644497,preco_constante,1,1.8539438211769257,1.8151963132637423,12-11
131,True,2194757,0.7809529000458422,ciclo,7,1.8041255967171186,1.8096609549904306,3-7;10-13;11-12;13-13;13-14;15-14;10-3
132,True,2265789,0.9649404817564489,ciclo,2,1.8539438211769257,1.9120650830467008,11-15;13-12
133,True,1624040,0.9811254434313377,ciclo,2,1.9120650830467008,1.892691329090109,15-14;12-12
134,True,1829450,0.9262500294506304,preco_constante,1,1.8151963132637423,1.8151963132637423,11-11
135,True,1583522,0.9936529188458639,preco_constante,1,1.9701863449164756,1.9314388370032924,15-14
136,True,2154600,0.6538149361766092,preco_constante,1,1.660206281611009,1.6989537895241924,7-8
137,True,1738709,0.7474845243612063,preco_constante,1,1.7377012974373758,1.6989537895241924,9-8
138,True,2817975,0.759925736922151,ciclo,2,1.6989537895241924,1.776448805350559,9-9;7-11
139,True,1389021,0.9332638230290452,ciclo,2,1.892691329090109,1.8539438211769257,15-10;11-14
140,True,1903964,0.8675865940474076,preco_constante,1,1.776448805350559,1.776448805350559,10-10
141,True,1641145,0.7247800525802323,ciclo,2,1.7377012974373758,1.7570750513939672,13-10;5-9
142,True,1902016,0.946121430644497,preco_constante,1,1.8151963132637423,1.8539438211769257,11-12
143,True,1849295,0.7068087514280333,preco_constante,1,1.6989537895241924,1.6989537895241924,8-8
144,True,2794154,0.946121430644497,preco_constante,1,1.8151963132637423,1.8539438211769257,11-12
145,True,1241102,0.7068087514280333,preco_constante,1,1.6989537895241924,1.6989537895241924,8-8
146,True,2077914,0.9760914042791664,ciclo,2,1.8733175751335174,1.892691329090109,11-13;14-13
147,True,1490772,0.9262500294506304,preco_constante,1,1.8151963132637423,1.8151963132637423,11-11
148,True,1800178,0.9685979680168119,preco_constante,1,1.8539438211769257,1.8539438211769257,12-12
149,True,2623857,0.5288802083140882,ciclo,2,1.6795800355676007,1.6020850197412342,8-5;7-6
150,True,1982329,0.8283797700775372,preco_constante,1,1.776448805350559,1.7377012974373758,10-9
151,True,1806779,0.9685979680168119,preco_constante,1,1.8539438211769257,1.8539438211769257,12-12
152,True,1796858,0.7939632815128828,preco_constante,1,1.7377012974373758,1.7377012974373758,9-9
153,True,1515209,0.8283797700775372,preco_constante,1,1.7377012974373758,1.776448805350559,9-10
154,True,2042274,0.9325700955250092,ciclo,2,1.8539438211769257,1.8151963132637423,13-10;11-12
155,True,2533194,0.6538149361766092,ciclo,2,1.6795800355676007,1.6795800355676007,8-7;7-8
156,True,1952919,0.8283797700775372,preco_constante,1,1.7377012974373758,1.776448805350559,9-10
157,True,1435886,0.7939632815128828,preco_constante,1,1.7377012974373758,1.7377012974373758,9-9
158,True,1791328,0.9764499744276252,ciclo,2,1.8733175751335174,1.9120650830467008,14-13;11-14
159,True,1873288,0.9963964133035035,preco_constante,1,1.9314388370032924,1.892691329090109,14-13
160,True,1697712,0.9262500294506304,preco_constante,1,1.8151963132637423,1.8151963132637423,11-11
161,True,1835681,0.7474845243612063,preco_constante,1,1.7377012974373758,1.6989537895241924,9-8
162,True,1417819,0.8223609917682378,ciclo,4,1.834570067220334,1.8151963132637423,13-11;12-15;10-14;11-4
163,True,1634970,0.9262500294506304,preco_constante,1,1.8151963132637423,1.8151963132637423,11-11
164,True,1580343,0.8950592933987115,preco_constante,1,1.8151963132637423,1.776448805350559,11-10
165,True,1826586,0.946121430644497,preco_constante,1,1.8151963132637423,1.8539438211769257,11-12
166,True,1850553,0.9802709982858991,preco_constante,1,1.892691329090109,1.8539438211769257,13-12
167,True,2613594,0.5879505526369445,preco_constante,1,1.6989537895241924,1.6214587736978259,8-6
168,True,1577932,0.7939632815128828,preco_constante,1,1.7377012974373758,1.7377012974373758,9-9
169,True,2005389,0.946121430644497,preco_constante,1,1.8151963132637423,1.8539438211769257,11-12
170,True,3009394,0.7650506587222585,ciclo,3,1.7764488053505592,1.78936464132162,6-14;11-8;13-9
171,True,1894385,0.8889479087511389,ciclo,2,1.776448805350559,1.8151963132637423,9-11;11-11
172,True,1627522,0.8466243115945593,ciclo,2,1.7570750513939672,1.7958225593071506,9-12;10-9
173,True,1693917,0.8283797700775372,preco_constante,1,1.776448805350559,1.7377012974373758,10-9
174,True,1953056,0.9439714231574287,ciclo,3,1.8539438211769257,1.8668596571479867,14-12;9-13;13-12
175,True,1796662,0.6809118799268685,ciclo,4,1.718327543480784,1.7473881744156716,6-6;6-11;15-9;7-11
176,True,1802372,0.9509539129496632,ciclo,2,1.834570067220334,1.8539438211769257,12-11;11-13
177,True,1417158,0.7068087514280333,preco_constante,1,1.6989537895241924,1.6989537895241924,8-8
178,True,1592161,0.9685979680168119,preco_constante,1,1.8539438211769257,1.8539438211769257,12-12
179,True,1619729,0.8400127790645926,ciclo,2,1.776448805350559,1.7570750513939672,9-10;11-9
180,True,2677060,0.6882825512249104,preco_constante,1,1.660206281611009,1.7377012974373758,7-9
181,True,1633593,0.803494014274417,ciclo,2,1.7377012974373756,1.776448805350559,7-10;11-10
182,True,2190010,0.6485000274834001,ciclo,4,1.6989537895241926,1.6892669125458966,6-6;10-6;10-9;6-10
183,True,1901690,0.8283797700775372,preco_constante,1,1.776448805350559,1.7377012974373758,10-9
184,True,2146916,0.5487978714482782,preco_constante,1,1.6214587736978259,1.660206281611009,6-7
185,True,1560648,0.776660268632922,preco_constante,1,1.6989537895241924,1.776448805350559,8-10
186,True,1827423,0.8675865940474076,preco_constante,1,1.776448805350559,1.776448805350559,10-10
187,True,1550185,0.8950592933987115,preco_constante,1,1.8151963132637423,1.776448805350559,11-10
188,True,1583246,0.8283797700775372,preco_constante,1,1.776448805350559,1.7377012974373758,10-9
189,True,2699979,0.6775538261347347,ciclo,2,1.7377012974373756,1.6989537895241924,7-10;11-6
190,True,1616369,0.8283797700775372,preco_constante,1,1.7377012974373758,1.776448805350559,9-10
191,True,1990225,0.946121430644497,preco_constante,1,1.8151963132637423,1.8539438211769257,11-12
192,True,2146505,0.7103925089844972,ciclo,2,1.718327543480784,1.7377012974373758,9-6;8-12
193,True,1807339,0.9936529188458639,preco_constante,1,1.9701863449164756,1.9314388370032924,15-14
194,True,1745879,0.9037160916532387,ciclo,2,1.8151963132637423,1.8151963132637423,11-13;11-9
195,True,1813214,0.8283797700775372,preco_constante,1,1.7377012974373758,1.776448805350559,9-10
196,True,1708099,0.7474845243612063,preco_constante,1,1.7377012974373758,1.6989537895241924,9-8
197,True,2502818,0.8059994473771734,ciclo,3,1.78936464132162,1.78936464132162,13-8;12-12;6-11
198,True,2578525,0.6882825512249104,preco_constante,1,1.7377012974373758,1.660206281611009,9-7
199,True,1746469,0.9802709982858991,preco_constante,1,1.8539438211769257,1.892691329090109,12-13
200,True,1823519,0.7768426025505415,ciclo,2,1.7570750513939672,1.7377012974373756,12-11;7-7
201,True,1672952,0.8950592933987115,preco_constante,1,1.8151963132637423,1.776448805350559,11-10
202,True,2025849,0.7758536945469197,ciclo,7,1.8041255967171186,1.798590238443807,10-10;15-15;8-5;14-7;6-14;10-15;12-8
203,True,1799380,0.8675865940474076,preco_constante,1,1.776448805350559,1.776448805350559,10-10
204,True,2022568,0.946121430644497,preco_constante,1,1.8539438211769257,1.8151963132637423,12-11
205,True,1321944,0.7939632815128828,preco_constante,1,1.7377012974373758,1.7377012974373758,9-9
206,True,1664949,0.8675865940474076,preco_constante,1,1.776448805350559,1.776448805350559,10-10
207,True,1722694,0.8571938673464339,ciclo,2,1.7958225593071506,1.7958225593071506,13-10;8-11
208,True,1572961,0.946121430644497,preco_constante,1,1.8539438211769257,1.8151963132637423,12-11
209,True,1850983,0.6538149361766092,preco_constante,1,1.6989537895241924,1.660206281611009,8-7
210,True,1628752,0.7939632815128828,preco_constante,1,1.7377012974373758,1.7377012974373758,9-9
211,True,1758421,0.8675865940474076,preco_constante,1,1.776448805350559,1.776448805350559,10-10
212,True,1567329,0.732471409928916,ciclo,2,1.7183275434807839,1.718327543480784,10-8;7-9
213,True,1935936,0.90723940916929,ciclo,2,1.8539438211769257,1.834570067220334,15-11;9-12
214,True,1689038,0.6075637744565859,preco_constante,1,1.660206281611009,1.660206281611009,7-7
215,True,1907011,0.8511016331511244,ciclo,3,1.8410279852058646,1.8410279852058646,10-14;13-15;12-6
216,True,1950870,0.8950592933987115,preco_constante,1,1.8151963132637423,1.776448805350559,11-10
217,True,2093689,0.8857734643866699,ciclo,2,1.834570067220334,1.834570067220334,11-8;12-15
218,True,1598662,0.9018370718955945,ciclo,3,1.8539438211769257,1.8151963132637423,10-13;13-8;13-12
219,True,2034886,0.6473796520324887,ciclo,2,1.6989537895241924,1.6602062816110092,8-8;8-6
220,True,1812704,0.6538149361766092,preco_constante,1,1.6989537895241924,1.660206281611009,8-7
221,True,1792854,0.9685979680168119,preco_constante,1,1.8539438211769257,1.8539438211769257,12-12
222,True,2541099,0.9167334105641969,ciclo,2,1.8539438211769257,1.7958225593071506,12-9;12-12
223,True,1703120,0.9685979680168119,preco_constante,1,1.8539438211769257,1.8539438211769257,12-12
224,True,2088293,0.9934204037509164,preco_constante,1,1.892691329090109,1.892691329090109,13-13
225,True,1653508,0.7068087514280333,preco_constante,1,1.6989537895241924,1.6989537895241924,8-8
226,True,1661215,0.9934204037509164,preco_constante,1,1.892691329090109,1.892691329090109,13-13
227,True,1640028,0.8283797700775372,preco_constante,1,1.776448805350559,1.7377012974373758,10-9
228,True,1756429,0.9936529188458639,preco_constante,1,1.9701863449164756,1.9314388370032924,15-14
229,True,1763805,0.8675865940474076,preco_constante,1,1.776448805350559,1.776448805350559,10-10
230,True,2136128,0.5781808229524321,ciclo,2,1.660206281611009,1.6408325276544176,7-6;7-7
231,True,1764958,0.946121430644497,preco_constante,1,1.8539438211769257,1.8151963132637423,12-11
232,True,1908243,0.9934204037509164,preco_constante,1,1.892691329090109,1.892691329090109,13-13
233,True,1552367,0.9146290736051821,ciclo,3,1.8151963132637423,1.8539438211769257,13-13;9-9;11-14
234,True,2021407,0.8283797700775372,preco_constante,1,1.7377012974373758,1.776448805350559,9-10
235,True,2078866,0.8950592933987115,preco_constante,1,1.776448805350559,1.8151963132637423,10-11
236,True,2084756,0.8904305520418656,ciclo,4,1.8636306981552215,1.8733175751335174,13-14;15-15;8-6;13-15
237,True,2214571,0.8096784358026694,ciclo,2,1.834570067220334,1.7958225593071506,12-15;11-6
238,True,2532164,0.7990635339397034,ciclo,3,1.7764488053505592,1.8281121492348034,4-9;14-13;12-12
239,True,1637070,0.8784656334594103,ciclo,2,1.8151963132637423,1.7958225593071506,10-8;12-13
240,True,1493099,0.8283797700775372,preco_constante,1,1.7377012974373758,1.776448805350559,9-10
241,True,1549364,0.9747196570503467,ciclo,2,1.9120650830467008,1.892691329090109,14-15;13-11
242,True,1417790,0.7907288790288455,ciclo,2,1.776448805350559,1.7377012974373756,12-8;8-10
243,True,1340391,0.8950592933987115,preco_constante,1,1.8151963132637423,1.776448805350559,11-10
244,True,3054892,0.6109720490948372,ciclo,2,1.6602062816110092,1.6989537895241924,8-6;6-10
245,True,2244718,0.6937497127612342,ciclo,3,1.750617133408437,1.7635329693794979,3-4;13-15;12-10
246,True,1765761,0.851645788051648,preco_constante,1,1.7377012974373758,1.8151963132637423,9-11
247,True,1636254,0.7620723964970644,ciclo,2,1.718327543480784,1.7377012974373756,8-10;9-8
248,True,1647904,0.8535888842276311,ciclo,2,1.776448805350559,1.7958225593071506,8-11;12-10
249,True,2538969,0.5402829256956887,ciclo,3,1.647290445639948,1.660206281611009,8-4;6-8;6-9
250,True,1992992,0.9802709982858991,preco_constante,1,1.8539438211769257,1.892691329090109,12-13
251,True,1790422,0.9883337057947014,ciclo,2,1.9120650830467008,1.8733175751335174,14-13;13-12
252,True,1304687,0.8675865940474076,preco_constante,1,1.776448805350559,1.776448805350559,10-10
253,True,1739312,0.7474845243612063,preco_constante,1,1.7377012974373758,1.6989537895241924,9-8
254,True,1505744,0.9685979680168119,preco_constante,1,1.8539438211769257,1.8539438211769257,12-12
255,True,1165667,0.7939632815128828,preco_constante,1,1.7377012974373758,1.7377012974373758,9-9
256,True,2462855,0.6538149361766092,preco_constante,1,1.6989537895241924,1.660206281611009,8-7
257,True,1833023,0.9802709982858991,preco_constante,1,1.8539438211769257,1.892691329090109,12-13
258,True,1728689,0.7474845243612063,preco_constante,1,1.7377012974373758,1.6989537895241924,9-8
259,True,1890900,0.9754763587698795,ciclo,2,1.8539438211769257,1.892691329090109,12-12;12-14
260,True,1617817,0.8733525407251798,ciclo,2,1.7958225593071506,1.776448805350559,11-9;10-11
261,True,1877882,0.7474845243612063,preco_constante,1,1.7377012974373758,1.6989537895241924,9-8
262,True,1522508,0.8950592933987115,preco_constante,1,1.8151963132637423,1.776448805350559,11-10
263,True,1600499,0.9262500294506304,preco_constante,1,1.8151963132637423,1.8151963132637423,11-11
264,True,2240203,0.7842725308797385,ciclo,4,1.766761928372263,1.7473881744156716,11-8;12-9;9-13;7-7
265,True,1568578,0.8675865940474076,preco_constante,1,1.776448805350559,1.776448805350559,10-10
266,True,1839775,0.9823547495229467,preco_constante,1,1.9314388370032924,1.8539438211769257,14-12
267,True,1740499,0.946121430644497,preco_constante,1,1.8151963132637423,1.8539438211769257,11-12
268,True,1511595,0.9475983574457566,ciclo,2,1.8733175751335174,1.8733175751335174,12-15;13-10
269,True,1351857,0.9262500294506304,preco_constante,1,1.8151963132637423,1.8151963132637423,11-11
270,True,1637163,0.8950592933987115,preco_constante,1,1.776448805350559,1.8151963132637423,10-11
271,True,1745538,0.9934204037509164,preco_constante,1,1.892691329090109,1.892691329090109,13-13
272,True,2675097,0.9106546614246707,ciclo,2,1.8151963132637423,1.7958225593071506,11-11;11-10
273,True,1798211,0.8675865940474076,preco_constante,1,1.776448805350559,1.776448805350559,10-10
274,True,1770565,0.9621921816358209,ciclo,2,1.8733175751335174,1.834570067220334,12-12;13-11
275,True,1798299,0.7474845243612063,preco_constante,1,1.6989537895241924,1.7377012974373758,8-9
276,True,1668540,0.8342767747554048,ciclo,2,1.8151963132637423,1.7570750513939672,13-12;9-7
277,True,2217866,0.9118087941679149,preco_constante,1,1.8539438211769257,1.776448805350559,12-10
278,True,1802819,0.8950592933987115,preco_constante,1,1.8151963132637423,1.776448805350559,11-10
279,True,1759402,0.7939632815128828,preco_constante,1,1.7377012974373758,1.7377012974373758,9-9
280,True,1615877,0.723889108844746,ciclo,2,1.718327543480784,1.6989537895241924,8-7;9-9
281,True,1891081,0.9438193081873193,ciclo,3,1.8539438211769257,1.8539438211769257,10-13;13-13;13-10
282,True,1736282,0.8283797700775372,preco_constante,1,1.776448805350559,1.7377012974373758,10-9
283,True,1673244,0.9919649229544281,ciclo,2,1.892691329090109,1.9314388370032924,13-15;13-13
284,True,2103200,0.7271466378946195,ciclo,2,1.718327543480784,1.6989537895241924,9-8;8-8
285,True,3179167,0.5879505526369445,preco_constante,1,1.6989537895241924,1.6214587736978259,8-6
286,True,1659524,0.4976332487506022,preco_constante,1,1.6214587736978259,1.6214587736978259,6-6
287,True,1643913,0.8950592933987115,preco_constante,1,1.8151963132637423,1.776448805350559,11-10
288,True,1827929,0.8675865940474076,preco_constante,1,1.776448805350559,1.776448805350559,10-10
289,True,1454707,0.8283797700775372,preco_constante,1,1.7377012974373758,1.776448805350559,9-10
290,True,1755529,0.9802709982858991,preco_constante,1,1.892691329090109,1.8539438211769257,13-12
291,True,1842889,0.9802709982858991,preco_constante,1,1.892691329090109,1.8539438211769257,13-12
292,True,1759432,0.946121430644497,preco_constante,1,1.8151963132637423,1.8539438211769257,11-12
293,True,1634021,0.7965244481700429,ciclo,3,1.7764488053505592,1.8281121492348034,11-10;5-13;14-11
294,True,1696303,0.8950592933987115,preco_constante,1,1.776448805350559,1.8151963132637423,10-11
295,True,1913721,0.8445112874557974,ciclo,2,1.776448805350559,1.7570750513939672,11-10;9-9
296,True,1748424,0.6499396438935334,ciclo,2,1.6795800355676007,1.6989537895241924,8-6;7-10
297,True,1703604,0.8950592933987115,preco_constante,1,1.776448805350559,1.8151963132637423,10-11
298,True,1593639,0.8950592933987115,preco_constante,1,1.8151963132637423,1.776448805350559,11-10
299,True,1792470,0.9997339378191982,preco_constante,1,1.9314388370032924,1.9314388370032924,14-14
300,True,2012129,0.9262500294506304,preco_constante,1,1.8151963132637423,1.8151963132637423,11-11
301,True,1759756,0.8941536410344803,ciclo,2,1.8151963132637423,1.834570067220334,9-13;13-10
302,True,1524852,0.9262500294506304,preco_constante,1,1.8151963132637423,1.8151963132637423,11-11
303,True,1802302,0.9262500294506304,preco_constante,1,1.8151963132637423,1.8151963132637423,11-11
304,True,1667960,0.9118087941679149,preco_constante,1,1.776448805350559,1.8539438211769257,10-12
305,True,2667009,0.6295832228317859,ciclo,2,1.679580035567601,1.718327543480784,6-11;9-6
306,True,1553228,0.8675865940474076,preco_constante,1,1.776448805350559,1.776448805350559,10-10
307,True,1711398,0.9361857300475634,ciclo,2,1.834570067220334,1.8151963132637423,11-11;12-11
308,True,1700484,0.8950592933987115,preco_constante,1,1.776448805350559,1.8151963132637423,10-11
309,True,1893254,0.9963964133035035,preco_constante,1,1.892691329090109,1.9314388370032924,13-14
310,True,1614464,0.8675865940474076,preco_constante,1,1.776448805350559,1.776448805350559,10-10
311,True,1462734,0.9022788622817649,ciclo,2,1.8539438211769257,1.8151963132637423,15-12;9-10
312,True,1706574,0.9685979680168119,preco_constante,1,1.8539438211769257,1.8539438211769257,12-12
313,True,1948930,0.86313511692996,ciclo,2,1.7958225593071506,1.834570067220334,11-15;10-8
314,True,1868683,0.6885888207629077,ciclo,2,1.7183275434807839,1.679580035567601,10-9;7-6
315,True,1642980,0.946121430644497,preco_constante,1,1.8151963132637423,1.8539438211769257,11-12
316,True,2080885,0.9760914042791664,ciclo,2,1.8733175751335174,1.892691329090109,14-13;11-13
317,True,2041763,0.8283797700775372,preco_constante,1,1.7377012974373758,1.776448805350559,9-10
318,True,1883243,0.9760914042791664,ciclo,2,1.8733175751335174,1.892691329090109,14-13;11-13
319,True,1944820,0.9167334105641969,ciclo,2,1.8539438211769257,1.7958225593071506,12-12;12-9
320,True,1467470,0.8283797700775372,preco_constante,1,1.776448805350559,1.7377012974373758,10-9
321,True,2210167,0.9802709982858991,preco_constante,1,1.892691329090109,1.8539438211769257,13-12
322,True,1401609,0.8025200193552299,ciclo,2,1.7570750513939672,1.7377012974373756,10-8;9-10
323,True,1335966,0.8445112874557974,ciclo,2,1.776448805350559,1.7570750513939672,11-10;9-9
324,True,2312853,0.7068087514280333,preco_constante,1,1.6989537895241924,1.6989537895241924,8-8
325,True,1568276,0.9262500294506304,preco_constante,1,1.8151963132637423,1.8151963132637423,11-11
326,True,1743851,0.8134178593834979,ciclo,3,1.78936464132162,1.7764488053505592,13-14;7-6;11-10
327,True,1854020,0.9802709982858991,preco_constante,1,1.8539438211769257,1.892691329090109,12-13
328,True,1731134,0.8442345314004183,ciclo,2,1.776448805350559,1.776448805350559,10-8;10-12
329,True,1877053,0.9868658000690743,preco_constante,1,1.9701863449164756,1.9701863449164756,15-15
330,True,1889207,0.9685979680168119,preco_constante,1,1.8539438211769257,1.8539438211769257,12-12
331,True,2030642,0.9963964133035035,preco_constante,1,1.9314388370032924,1.892691329090109,14-13
332,True,1887785,0.9997339378191982,preco_constante,1,1.9314388370032924,1.9314388370032924,14-14
333,True,1839911,0.9034340437833132,ciclo,2,1.7958225593071506,1.8151963132637423,11-10;10-12
334,True,1571766,0.8950592933987115,preco_constante,1,1.776448805350559,1.8151963132637423,10-11
335,True,1902560,0.9802709982858991,preco_constante,1,1.8539438211769257,1.892691329090109,12-13
336,True,1517558,0.6713805764805807,ciclo,2,1.679580035567601,1.6989537895241924,9-9;6-7
337,True,1790788,0.8675865940474076,preco_constante,1,1.776448805350559,1.776448805350559,10-10
338,True,1847709,0.9557863952548299,preco_constante,1,1.8151963132637423,1.892691329090109,11-13
339,True,1970361,0.9106546614246707,ciclo,2,1.7958225593071506,1.8151963132637423,10-11;11-11
340,True,2312579,0.8760072102746053,ciclo,3,1.8539438211769257,1.7764488053505592,10-9;13-8;13-13
341,True,1591193,0.9128960286075934,ciclo,2,1.8539438211769257,1.834570067220334,13-9;11-14
342,True,1506273,0.9262500294506304,preco_constante,1,1.8151963132637423,1.8151963132637423,11-11
343,True,2329470,0.7779345726361587,ciclo,2,1.7570750513939672,1.7183275434807839,10-10;9-7
344,True,2260099,0.6245088930265263,ciclo,6,1.7118696254952537,1.7183275434807836,13-8;13-11;4-2;7-6;6-14;7-10
345,True,1835980,0.7474845243612063,ciclo,2,1.718327543480784,1.718327543480784,8-9;9-8
346,True,1775633,0.8283797700775372,preco_constante,1,1.776448805350559,1.7377012974373758,10-9
347,True,1742862,0.8283797700775372,preco_constante,1,1.776448805350559,1.7377012974373758,10-9
348,True,1505352,0.9613232213770667,ciclo,2,1.8733175751335174,1.8539438211769257,11-11;14-13
349,True,1973147,0.8515000039958321,ciclo,4,1.776448805350559,1.8151963132637423,12-9;8-14;10-12;10-9
350,True,2273008,0.6075637744565859,preco_constante,1,1.660206281611009,1.660206281611009,7-7
351,True,1958777,0.8443455703460587,ciclo,4,1.7861356823288548,1.7958225593071506,11-10;7-12;12-8;11-12
352,True,1582626,0.9685979680168119,preco_constante,1,1.8539438211769257,1.8539438211769257,12-12
353,True,2908679,0.946121430644497,preco_constante,1,1.8539438211769257,1.8151963132637423,12-11
354,True,1694966,0.8283797700775372,preco_constante,1,1.776448805350559,1.7377012974373758,10-9
355,True,1691547,0.9685979680168119,preco_constante,1,1.8539438211769257,1.8539438211769257,12-12
356,True,1634405,0.9963964133035035,preco_constante,1,1.9314388370032924,1.892691329090109,14-13
357,True,1775374,0.732471409928916,ciclo,2,1.7183275434807839,1.718327543480784,7-9;10-8
358,True,1664576,0.9184992766169127,ciclo,2,1.834570067220334,1.8539438211769257,10-14;13-10
359,True,1588221,0.8535888842276311,ciclo,2,1.7958225593071506,1.776448805350559,11-8;10-12
360,True,2947843,0.5629257049881947,ciclo,4,1.7086406665024885,1.7280144204590802,14-15;13-13;5-6;1-1
361,True,2212874,0.7060781562654542,ciclo,4,1.7377012974373756,1.7377012974373756,14-7;8-13;7-9;7-7
362,True,1990013,0.8675865940474076,preco_constante,1,1.776448805350559,1.776448805350559,10-10
363,True,2564792,0.8083865230123232,ciclo,2,1.7958225593071506,1.7377012974373758,8-9;13-9
364,True,1911766,0.9868658000690743,preco_constante,1,1.9701863449164756,1.9701863449164756,15-15
365,True,1942297,0.7939632815128828,preco_constante,1,1.7377012974373758,1.7377012974373758,9-9
366,True,1917285,0.9963964133035035,preco_constante,1,1.892691329090109,1.9314388370032924,13-14
367,True,1760847,0.9557863952548299,preco_constante,1,1.8151963132637423,1.892691329090109,11-13
368,True,1533896,0.946121430644497,preco_constante,1,1.8539438211769257,1.8151963132637423,12-11
369,True,1667331,0.8950592933987115,preco_constante,1,1.8151963132637423,1.776448805350559,11-10
370,True,1770307,0.6538149361766092,preco_constante,1,1.660206281611009,1.6989537895241924,7-8
371,True,2480060,0.6468494754327235,ciclo,3,1.7377012974373756,1.7118696254952532,6-4;15-11;6-10
372,True,1687100,0.7068087514280333,preco_constante,1,1.6989537895241924,1.6989537895241924,8-8
373,True,1623246,0.9936529188458639,preco_constante,1,1.9314388370032924,1.9701863449164756,14-15
374,True,1764749,0.8675865940474076,preco_constante,1,1.776448805350559,1.776448805350559,10-10
375,True,1532101,0.9916311066862888,ciclo,2,1.9314388370032924,1.9508125909598841,15-15;13-14
376,True,1589222,0.9997339378191982,preco_constante,1,1.9314388370032924,1.9314388370032924,14-14
377,True,1747507,0.9196509555145258,ciclo,2,1.834570067220334,1.9120650830467008,9-15;14-12
378,True,2369643,0.9432262531898523,ciclo,4,1.8442569441986298,1.8830044521118132,11-11;15-13;10-15;11-12
379,True,1667781,0.9118087941679149,preco_constante,1,1.776448805350559,1.8539438211769257,10-12
380,True,1807495,0.8950592933987115,preco_constante,1,1.776448805350559,1.8151963132637423,10-11
381,True,2440878,0.7037870284027109,ciclo,3,1.7377012974373756,1.7764488053505592,6-12;10-13;11-5
382,True,1647717,0.9868658000690743,preco_constante,1,1.9701863449164756,1.9701863449164756,15-15
383,True,1650105,0.8950592933987115,preco_constante,1,1.8151963132637423,1.776448805350559,11-10
384,True,1818347,0.9802709982858991,preco_constante,1,1.892691329090109,1.8539438211769257,13-12
385,True,1803599,0.946121430644497,preco_constante,1,1.8151963132637423,1.8539438211769257,11-12
386,True,1602635,0.9997339378191982,preco_constante,1,1.9314388370032924,1.9314388370032924,14-14
387,True,1736717,0.9262500294506304,preco_constante,1,1.8151963132637423,1.8151963132637423,11-11
388,True,1770021,0.9934204037509164,preco_constante,1,1.892691329090109,1.892691329090109,13-13
389,True,1589065,0.9262500294506304,preco_constante,1,1.8151963132637423,1.8151963132637423,11-11
390,True,1655283,0.9262500294506304,preco_constante,1,1.8151963132637423,1.8151963132637423,11-11
391,True,2517256,0.851645788051648,preco_constante,1,1.7377012974373758,1.8151963132637423,9-11
392,True,2276383,0.7410973531270735,ciclo,2,1.6989537895241924,1.7377012974373756,7-8;9-10
393,True,1612661,0.8950592933987115,preco_constante,1,1.776448805350559,1.8151963132637423,10-11
394,True,2128641,0.9040746618016975,ciclo,2,1.8151963132637423,1.834570067220334,11-14;11-9
395,True,1887910,0.9685979680168119,preco_constante,1,1.8539438211769257,1.8539438211769257,12-12
396,True,1747463,0.8675865940474076,preco_constante,1,1.776448805350559,1.776448805350559,10-10
397,True,1975062,0.8675865940474076,preco_constante,1,1.776448805350559,1.776448805350559,10-10
398,True,2081872,0.7765757021682459,ciclo,2,1.7377012974373758,1.7570750513939672,9-12;9-7
399,True,1846318,0.7474845243612063,preco_constante,1,1.7377012974373758,1.6989537895241924,9-8
400,True,2648786,0.5879505526369445,preco_constante,1,1.6214587736978259,1.6989537895241924,6-8
401,True,1514502,0.946121430644497,preco_constante,1,1.8151963132637423,1.8539438211769257,11-12
402,True,1778011,0.8000832318560585,ciclo,2,1.776448805350559,1.7570750513939672,12-8;8-11
403,True,1486396,0.8950592933987115,preco_constante,1,1.776448805350559,1.8151963132637423,10-11
404,True,1799106,0.7103925089844972,ciclo,2,1.7377012974373758,1.718327543480784,12-8;6-9
405,True,1577570,0.9526145989594159,ciclo,2,1.8733175751335174,1.834570067220334,13-13;12-10
406,True,1667984,0.8911997057406774,ciclo,2,1.8733175751335174,1.834570067220334,13-8;12-15
407,True,1885720,0.7068087514280333,preco_constante,1,1.6989537895241924,1.6989537895241924,8-8
408,True,2034422,0.7939632815128828,preco_constante,1,1.7377012974373758,1.7377012974373758,9-9
409,True,1814021,0.9963964133035035,preco_constante,1,1.892691329090109,1.9314388370032924,13-14
410,True,1564276,0.9685979680168119,preco_constante,1,1.8539438211769257,1.8539438211769257,12-12
411,True,1593919,0.7871976727377205,ciclo,2,1.7377012974373756,1.7377012974373756,8-8;10-10
412,True,1916952,0.9802709982858991,preco_constante,1,1.892691329090109,1.8539438211769257,13-12
413,True,1677984,0.7068087514280333,preco_constante,1,1.6989537895241924,1.6989537895241924,8-8
414,True,1632176,0.6538149361766092,preco_constante,1,1.660206281611009,1.6989537895241924,7-8
415,True,2463621,0.5487978714482782,preco_constante,1,1.660206281611009,1.6214587736978259,7-6
416,True,2243897,0.9883337057947014,ciclo,2,1.892691329090109,1.892691329090109,13-14;13-12
417,True,1855352,0.9457278533511075,ciclo,2,1.8733175751335174,1.834570067220334,11-10;14-13
418,True,1664113,0.7068087514280333,preco_constante,1,1.6989537895241924,1.6989537895241924,8-8
419,True,1672617,0.8671151892253052,ciclo,4,1.8442569441986298,1.8055094362854467,12-9;12-15;13-13;10-6
420,True,1468946,0.8283797700775372,preco_constante,1,1.7377012974373758,1.776448805350559,9-10
421,True,2058789,0.7081651613572408,ciclo,2,1.679580035567601,1.7377012974373756,6-8;9-10
422,True,1808335,0.8283797700775372,preco_constante,1,1.776448805350559,1.7377012974373758,10-9
423,True,1830159,0.9823547495229467,preco_constante,1,1.8539438211769257,1.9314388370032924,12-14
424,True,1596088,0.9457278533511075,ciclo,2,1.8539438211769257,1.8539438211769257,11-10;13-14
425,True,1500175,0.9240211006775757,ciclo,2,1.8539438211769257,1.834570067220334,11-9;13-14
426,True,2729882,0.6538149361766092,preco_constante,1,1.660206281611009,1.6989537895241924,7-8
427,True,1757575,0.9262500294506304,preco_constante,1,1.8151963132637423,1.8151963132637423,11-11
428,True,1653389,0.8283797700775372,preco_constante,1,1.7377012974373758,1.776448805350559,9-10
429,True,1838052,0.946121430644497,preco_constante,1,1.8539438211769257,1.8151963132637423,12-11
430,True,1860000,0.9760914042791664,ciclo,2,1.8539438211769257,1.9120650830467008,13-14;11-13
431,True,2270739,0.9642380900837219,ciclo,2,1.8539438211769257,1.8733175751335174,12-11;12-14
432,True,1846932,0.9963964133035035,preco_constante,1,1.892691329090109,1.9314388370032924,13-14
433,True,1956600,0.9963964133035035,preco_constante,1,1.9314388370032924,1.892691329090109,14-13
434,True,1748933,0.9802709982858991,preco_constante,1,1.892691329090109,1.8539438211769257,13-12
435,True,1381031,0.7068087514280333,preco_constante,1,1.6989537895241924,1.6989537895241924,8-8
436,True,2138537,0.8353186503739285,ciclo,2,1.7958225593071506,1.7958225593071506,7-9;14-12
437,True,1796845,0.946121430644497,preco_constante,1,1.8151963132637423,1.8539438211769257,11-12
438,True,1582652,0.9306326332075424,ciclo,2,1.834570067220334,1.8733175751335174,9-12;14-13
439,True,2183852,0.6538149361766092,preco_constante,1,1.6989537895241924,1.660206281611009,8-7
440,True,1764503,0.9262500294506304,preco_constante,1,1.8151963132637423,1.8151963132637423,11-11
441,True,1961330,0.9557863952548299,ciclo,2,1.8539438211769257,1.8539438211769257,11-13;13-11
442,True,1908121,0.8950592933987115,preco_constante,1,1.776448805350559,1.8151963132637423,10-11
443,True,1634372,0.8512190886540308,ciclo,2,1.834570067220334,1.8151963132637423,13-15;10-7
444,True,1660419,0.9777601665370143,ciclo,2,1.9120650830467008,1.8733175751335174,14-14;13-11
445,True,1884833,0.9802709982858991,preco_constante,1,1.8539438211769257,1.892691329090109,12-13
446,True,2617698,0.5813887406782535,ciclo,2,1.6214587736978259,1.6989537895241924,7-8;5-8
447,True,1626152,0.946121430644497,preco_constante,1,1.8539438211769257,1.8151963132637423,12-11
448,True,2040443,0.8950592933987115,preco_constante,1,1.776448805350559,1.8151963132637423,10-11
449,True,1730619,0.8675865940474076,preco_constante,1,1.776448805350559,1.776448805350559,10-10
450,True,1692844,0.9802709982858991,preco_constante,1,1.8539438211769257,1.892691329090109,12-13
451,True,2116638,0.7561731290800348,ciclo,5,1.7532003006026493,1.7609498021852859,6-8;5-10;12-8;12-9;12-13
452,True,1914514,0.8283797700775372,preco_constante,1,1.7377012974373758,1.776448805350559,9-10
453,True,1639340,0.6800272392284175,ciclo,2,1.6989537895241924,1.718327543480784,5-6;11-11
454,True,1829043,0.9802709982858991,preco_constante,1,1.8539438211769257,1.892691329090109,12-13
455,True,1853168,0.9963964133035035,preco_constante,1,1.892691329090109,1.9314388370032924,13-14
456,True,1812501,0.9685979680168119,preco_constante,1,1.8539438211769257,1.8539438211769257,12-12
457,True,1752159,0.6538149361766092,preco_constante,1,1.6989537895241924,1.660206281611009,8-7
458,True,2141286,0.9934204037509164,preco_constante,1,1.892691329090109,1.892691329090109,13-13
459,True,1560384,0.7179717722670615,ciclo,2,1.6989537895241924,1.7183275434807839,9-10;7-7
460,True,1822865,0.8950592933987115,preco_constante,1,1.8151963132637423,1.776448805350559,11-10
461,True,1567918,0.7989466909344763,ciclo,3,1.776448805350559,1.7764488053505592,7-6;14-13;9-11
462,True,1803065,0.7707239029370443,ciclo,2,1.7377012974373758,1.718327543480784,9-9;9-8
463,True,1880396,0.8283797700775372,preco_constante,1,1.776448805350559,1.7377012974373758,10-9
464,True,1483150,0.8950592933987115,preco_constante,1,1.8151963132637423,1.776448805350559,11-10
465,True,1866694,0.8950592933987115,preco_constante,1,1.8151963132637423,1.776448805350559,11-10
466,True,1800381,0.9118087941679149,preco_constante,1,1.776448805350559,1.8539438211769257,10-12
467,True,1716976,0.9934204037509164,preco_constante,1,1.892691329090109,1.892691329090109,13-13
468,True,1758323,0.6538149361766092,preco_constante,1,1.660206281611009,1.6989537895241924,7-8
469,True,1735606,0.8675865940474076,preco_constante,1,1.776448805350559,1.776448805350559,10-10
470,True,1712541,0.7939290587116606,ciclo,3,1.7635329693794979,1.7377012974373756,11-11;10-10;8-6
471,True,1554430,0.8283797700775372,preco_constante,1,1.776448805350559,1.7377012974373758,10-9
472,True,1777097,0.8675865940474076,preco_constante,1,1.776448805350559,1.776448805350559,10-10
473,True,2101546,0.7035199674686603,ciclo,4,1.72801442045908,1.6989537895241924,10-7;6-8;8-6;11-11
474,True,1651141,0.7939632815128828,preco_constante,1,1.7377012974373758,1.7377012974373758,9-9
475,True,1555395,0.9103241155956888,ciclo,4,1.8539438211769257,1.8539438211769257,12-14;14-11;15-13;7-10
476,True,1945173,0.7939632815128828,preco_constante,1,1.7377012974373758,1.7377012974373758,9-9
477,True,2310296,0.6184967241500762,ciclo,8,1.7377012974373758,1.7909791208180028,15-13;13-10;3-5;1-9;9-12;2-15;15-8;14-11
478,True,2095105,0.9802709982858991,preco_constante,1,1.8539438211769257,1.892691329090109,12-13
479,True,2552795,0.776660268632922,preco_constante,1,1.776448805350559,1.6989537895241924,10-8
480,True,2151622,0.7828118651722619,ciclo,2,1.7377012974373756,1.7570750513939672,8-7;10-12
481,True,1553540,0.7939632815128828,preco_constante,1,1.7377012974373758,1.7377012974373758,9-9
482,True,1299705,0.9094446061177381,ciclo,2,1.8539438211769257,1.834570067220334,15-13;9-10
483,True,1845846,0.7474845243612063,preco_constante,1,1.6989537895241924,1.7377012974373758,8-9
484,True,1709822,0.9685979680168119,preco_constante,1,1.8539438211769257,1.8539438211769257,12-12
485,True,1354957,0.8675865940474076,preco_constante,1,1.776448805350559,1.776448805350559,10-10
486,True,2262041,0.9949084085272102,ciclo,2,1.892691329090109,1.9120650830467008,13-13;13-14
487,True,1752951,0.8851565937393927,ciclo,2,1.834570067220334,1.8539438211769257,15-14;8-10
488,True,1633198,0.9110912231974045,ciclo,3,1.8151963132637423,1.8539438211769257,11-12;14-12;8-12
489,True,2013543,0.7765392645154365,ciclo,3,1.7764488053505592,1.7506171334084366,5-8;13-11;12-9
490,True,1686134,0.8545695565476004,ciclo,5,1.7841983069331957,1.8151963132637423,13-14;10-11;13-10;9-10;6-10
491,True,1998970,0.7879321472193718,ciclo,2,1.7570750513939672,1.718327543480784,10-9;9-8
492,True,1647534,0.893634157245872,ciclo,2,1.834570067220334,1.834570067220334,10-14;13-9
493,True,1669575,0.8950592933987115,preco_constante,1,1.776448805350559,1.8151963132637423,10-11
494,True,2814704,0.7119287351501224,preco_constante,1,1.776448805350559,1.660206281611009,10-7
495,True,1602612,0.7939632815128828,preco_constante,1,1.7377012974373758,1.7377012974373758,9-9
496,True,1624994,0.9557863952548299,preco_constante,1,1.8151963132637423,1.892691329090109,11-13
497,True,1902434,0.8755776847710889,ciclo,2,1.8151963132637423,1.7958225593071506,11-8;11-13
498,True,1728294,0.8675865940474076,preco_constante,1,1.776448805350559,1.776448805350559,10-10
499,True,1729266,0.9963964133035035,preco_constante,1,1.9314388370032924,1.892691329090109,14-13
500,True,2331926,0.7286696808352611,ciclo,3,1.7118696254952532,1.776448805350559,10-11;11-9;4-10
501,True,1794793,0.9934204037509164,preco_constante,1,1.892691329090109,1.892691329090109,13-13
502,True,1856926,0.9934204037509164,preco_constante,1,1.892691329090109,1.892691329090109,13-13
503,True,1687224,0.9936529188458639,preco_constante,1,1.9701863449164756,1.9314388370032924,15-14
504,True,1943767,0.7474845243612063,preco_constante,1,1.7377012974373758,1.6989537895241924,9-8
505,True,1982137,0.7939632815128828,preco_constante,1,1.7377012974373758,1.7377012974373758,9-9
506,True,1767114,0.7474845243612063,preco_constante,1,1.7377012974373758,1.6989537895241924,9-8
507,True,2214490,0.9625507517842796,ciclo,2,1.892691329090109,1.834570067220334,12-12;14-11
508,True,2601742,0.6538149361766092,preco_constante,1,1.660206281611009,1.6989537895241924,7-8
509,True,1882645,0.8283797700775372,preco_constante,1,1.776448805350559,1.7377012974373758,10-9
510,True,1672943,0.9262500294506304,preco_constante,1,1.8151963132637423,1.8151963132637423,11-11
511,True,1732677,0.7939632815128828,preco_constante,1,1.7377012974373758,1.7377012974373758,9-9
512,True,1695150,0.7540238851154637,ciclo,2,1.7377012974373758,1.776448805350559,12-9;6-11
513,True,1540999,0.9190294118092723,ciclo,2,1.834570067220334,1.7958225593071506,12-10;11-11
514,True,1778676,0.8442345314004183,ciclo,2,1.776448805350559,1.776448805350559,10-8;10-12
515,True,2087003,0.7753491034317329,ciclo,3,1.750617133408437,1.7635329693794979,12-11;5-6;11-12
516,True,1952458,0.9685979680168119,preco_constante,1,1.8539438211769257,1.8539438211769257,12-12
517,True,1874051,0.7699641696382792,ciclo,2,1.7377012974373756,1.7377012974373758,11-9;7-9
518,True,1613073,0.9685979680168119,preco_constante,1,1.8539438211769257,1.8539438211769257,12-12
519,True,1634054,0.8950592933987115,preco_constante,1,1.8151963132637423,1.776448805350559,11-10
520,True,1603659,0.7474845243612063,preco_constante,1,1.6989537895241924,1.7377012974373758,8-9
521,True,1606915,0.9262500294506304,preco_constante,1,1.8151963132637423,1.8151963132637423,11-11
522,True,1825686,0.7939632815128828,preco_constante,1,1.7377012974373758,1.7377012974373758,9-9
523,True,1906506,0.6538149361766092,preco_constante,1,1.6989537895241924,1.660206281611009,8-7
524,True,1727086,0.8950592933987115,preco_constante,1,1.8151963132637423,1.776448805350559,11-10
525,True,1494797,0.7939632815128828,preco_constante,1,1.7377012974373758,1.7377012974373758,9-9
526,True,1846113,0.9337975947113721,ciclo,2,1.7958225593071506,1.8733175751335174,10-12;11-13
527,True,1885342,0.946121430644497,preco_constante,1,1.8539438211769257,1.8151963132637423,12-11
528,True,1614042,0.7068087514280333,preco_constante,1,1.6989537895241924,1.6989537895241924,8-8
529,True,1405696,0.9068540123459521,ciclo,2,1.7958225593071506,1.8151963132637423,11-12;10-10
530,True,2584350,0.8409019192657684,ciclo,3,1.78936464132162,1.8410279852058646,6-10;15-14;10-11
531,True,1509825,0.8901608081305712,ciclo,3,1.8281121492348034,1.8410279852058646,13-14;9-13;12-8
532,True,1730478,0.7068087514280333,preco_constante,1,1.6989537895241924,1.6989537895241924,8-8
533,True,1621256,0.9685979680168119,preco_constante,1,1.8539438211769257,1.8539438211769257,12-12
534,True,1658694,0.9685979680168119,preco_constante,1,1.8539438211769257,1.8539438211769257,12-12
535,True,1634124,0.8000832318560585,ciclo,2,1.7570750513939672,1.776448805350559,8-12;11-8
536,True,1977272,0.8445831351609702,ciclo,5,1.7919478085158325,1.8306953164290156,10-7;13-12;7-15;13-11;9-12
537,True,1859552,0.7939632815128828,preco_constante,1,1.7377012974373758,1.7377012974373758,9-9
538,True,1760117,0.8857734643866699,ciclo,2,1.834570067220334,1.834570067220334,15-12;8-11
539,True,2687210,0.5487978714482782,preco_constante,1,1.6214587736978259,1.660206281611009,6-7
540,True,1943496,0.8950592933987115,preco_constante,1,1.8151963132637423,1.776448805350559,11-10
541,True,2398298,0.7340122433716556,ciclo,4,1.7473881744156714,1.72801442045908,10-7;7-8;8-6;12-14
542,True,1601673,0.8935761194738581,ciclo,2,1.8539438211769257,1.8151963132637423,12-14;12-8
543,True,1901032,0.9563358396256927,ciclo,2,1.9120650830467008,1.8733175751335174,14-15;13-10
544,True,2738606,0.856375696397105,ciclo,2,1.8539438211769257,1.776448805350559,10-12;14-8
545,True,1622635,0.9003809976895187,ciclo,3,1.8151963132637423,1.8410279852058646,11-11;12-9;10-15
546,True,1904724,0.7939632815128828,preco_constante,1,1.7377012974373758,1.7377012974373758,9-9
547,True,1683828,0.9698871747451805,ciclo,2,1.8733175751335174,1.9120650830467008,11-12;14-15
548,True,2661167,0.542313354074235,ciclo,2,1.6214587736978259,1.660206281611009,5-7;7-7
549,True,1982263,0.8283797700775372,preco_constante,1,1.776448805350559,1.7377012974373758,10-9
550,True,1543955,0.8950592933987115,preco_constante,1,1.776448805350559,1.8151963132637423,10-11
551,True,1642679,0.9685979680168119,preco_constante,1,1.8539438211769257,1.8539438211769257,12-12
552,True,1820001,0.776660268632922,preco_constante,1,1.6989537895241924,1.776448805350559,8-10
553,True,2167596,0.6052323588195633,ciclo,2,1.6795800355676007,1.6602062816110092,5-6;10-8
554,True,1513047,0.9963964133035035,preco_constante,1,1.892691329090109,1.9314388370032924,13-14
555,True,1947744,0.9186601286517269,ciclo,4,1.892691329090109,1.8442569441986298,14-13;12-15;11-7;15-12
556,True,2450939,0.7151004311548542,ciclo,2,1.7570750513939675,1.7570750513939675,14-13;5-6
557,True,1674906,0.9934204037509164,preco_constante,1,1.892691329090109,1.892691329090109,13-13
558,True,1653734,0.8950592933987115,preco_constante,1,1.8151963132637423,1.776448805350559,11-10
559,True,2108197,0.7151004311548542,ciclo,2,1.7377012974373758,1.7764488053505592,5-6;13-14
560,True,1932115,0.9934204037509164,preco_constante,1,1.892691329090109,1.892691329090109,13-13
561,True,1788488,0.8670882057463403,ciclo,3,1.8281121492348034,1.8539438211769257,6-12;13-12;15-12
562,True,2639242,0.7474845243612063,preco_constante,1,1.7377012974373758,1.6989537895241924,9-8
563,True,2145444,0.7025986284661206,ciclo,5,1.729951795854739,1.7686993037679222,6-6;2-8;10-12;12-10;14-13
564,True,1644397,0.9184992766169127,ciclo,2,1.834570067220334,1.8539438211769257,10-14;13-10
565,True,1800634,0.9963964133035035,preco_constante,1,1.9314388370032924,1.892691329090109,14-13
566,True,1559601,0.7129715956003233,ciclo,3,1.7118696254952532,1.7377012974373756,4-7;10-11;11-9
567,True,1727929,0.996693428332531,ciclo,2,1.9508125909598841,1.9314388370032924,15-14;14-14
568,True,2609806,0.46961909073947783,ciclo,2,1.6795800355676007,1.6408325276544176,10-12;5-1
569,True,1794646,0.6944358639298994,ciclo,2,1.7183275434807839,1.718327543480784,10-12;7-5
570,True,1783792,0.7940216583928732,ciclo,3,1.7377012974373756,1.7635329693794979,9-10;11-12;7-7
571,True,2888679,0.7490135153500368,ciclo,5,1.7686993037679222,1.7686993037679222,8-9;9-13;9-15;11-7;12-5
572,True,1619064,0.7068087514280333,preco_constante,1,1.6989537895241924,1.6989537895241924,8-8
573,True,1947426,0.7068087514280333,preco_constante,1,1.6989537895241924,1.6989537895241924,8-8
574,True,1468857,0.9079104169489169,ciclo,2,1.8539438211769257,1.8733175751335174,9-14;15-11
575,True,1602178,0.7474845243612063,preco_constante,1,1.7377012974373758,1.6989537895241924,9-8
576,True,2112695,0.7758644314238731,ciclo,6,1.763532969379498,1.7570750513939675,13-11;12-14;7-11;10-9;8-5;8-7
577,True,2998834,0.4465157453243085,ciclo,3,1.5956271017557035,1.6214587736978257,6-7;6-5;4-6
578,True,2235235,0.7725528872247733,ciclo,4,1.7473881744156716,1.7861356823288548,11-10;6-11;6-10;14-10
579,True,1984846,0.7068087514280333,preco_constante,1,1.6989537895241924,1.6989537895241924,8-8
580,True,1721669,0.9262500294506304,preco_constante,1,1.8151963132637423,1.8151963132637423,11-11
581,True,1627092,0.9685979680168119,preco_constante,1,1.8539438211769257,1.8539438211769257,12-12
582,True,1892313,0.8817272911097814,ciclo,2,1.7958225593071506,1.7958225593071506,9-11;12-10
583,True,1754234,0.9936529188458639,preco_constante,1,1.9701863449164756,1.9314388370032924,15-14
584,True,1713494,0.6538149361766092,preco_constante,1,1.660206281611009,1.6989537895241924,7-8
585,True,1672724,0.7939632815128828,preco_constante,1,1.7377012974373758,1.7377012974373758,9-9
586,True,2259365,0.7939632815128828,preco_constante,1,1.7377012974373758,1.7377012974373758,9-9
587,True,1682892,0.8675865940474076,preco_constante,1,1.776448805350559,1.776448805350559,10-10
588,True,1904101,0.8283797700775372,preco_constante,1,1.7377012974373758,1.776448805350559,9-10
589,True,1821523,0.9276891476347603,ciclo,2,1.8733175751335174,1.8539438211769257,12-9;13-15
590,True,2002989,0.7939632815128828,preco_constante,1,1.7377012974373758,1.7377012974373758,9-9
591,True,1833508,0.9802709982858991,preco_constante,1,1.8539438211769257,1.892691329090109,12-13
592,True,1505697,0.9377611479786337,ciclo,2,1.8539438211769257,1.8539438211769257,11-14;13-10
593,True,1596693,0.946121430644497,preco_constante,1,1.8151963132637423,1.8539438211769257,11-12
594,True,1888963,0.8675865940474076,preco_constante,1,1.776448805350559,1.776448805350559,10-10
595,True,1826953,0.8283797700775372,preco_constante,1,1.7377012974373758,1.776448805350559,9-10
596,True,2538621,0.5487978714482782,preco_constante,1,1.6214587736978259,1.660206281611009,6-7
597,True,1817291,0.8675865940474076,preco_constante,1,1.776448805350559,1.776448805350559,10-10
598,True,1603313,0.8889948676522679,ciclo,2,1.7958225593071506,1.8539438211769257,11-15;10-9
599,True,1549673,0.8283797700775372,preco_constante,1,1.776448805350559,1.7377012974373758,10-9
600,True,1661006,0.7939632815128828,preco_constante,1,1.7377012974373758,1.7377012974373758,9-9
601,True,1961800,0.8675865940474076,preco_constante,1,1.776448805350559,1.776448805350559,10-10
602,True,1619517,0.8675865940474076,preco_constante,1,1.776448805350559,1.776448805350559,10-10
603,True,1711770,0.9647952959099344,ciclo,3,1.892691329090109,1.879775493119048,12-12;15-11;12-15
604,True,1773760,0.9963964133035035,preco_constante,1,1.892691329090109,1.9314388370032924,13-14
605,True,1919762,0.8048006657157196,ciclo,2,1.7570750513939672,1.776448805350559,8-7;11-13
606,True,1825538,0.7868648668024376,ciclo,4,1.766761928372263,1.7570750513939675,8-6;14-10;8-10;9-12
607,True,2135702,0.9963964133035035,preco_constante,1,1.892691329090109,1.9314388370032924,13-14
608,True,1780203,0.8675865940474076,preco_constante,1,1.776448805350559,1.776448805350559,10-10
609,True,1554927,0.8535888842276311,ciclo,2,1.776448805350559,1.7958225593071506,8-11;12-10
610,True,2337525,0.7474845243612063,preco_constante,1,1.7377012974373758,1.6989537895241924,9-8
611,True,2012859,0.8283797700775372,preco_constante,1,1.776448805350559,1.7377012974373758,10-9
612,True,1972538,0.7522921333515538,ciclo,2,1.7377012974373756,1.7570750513939675,11-13;7-6
613,True,1897870,0.9802709982858991,preco_constante,1,1.8539438211769257,1.892691329090109,12-13
614,True,1747631,0.9167334105641969,ciclo,2,1.8539438211769257,1.7958225593071506,12-9;12-12
615,True,1713371,0.9410182123527301,ciclo,2,1.8151963132637423,1.8539438211769257,11-13;11-11
616,True,1760687,0.8950592933987115,preco_constante,1,1.776448805350559,1.8151963132637423,10-11
617,True,1809791,0.7939632815128828,preco_constante,1,1.7377012974373758,1.7377012974373758,9-9
618,True,1764589,0.9118087941679149,preco_constante,1,1.8539438211769257,1.776448805350559,12-10
619,True,1690906,0.8286294683150289,ciclo,3,1.7635329693794979,1.8022804772926813,9-8;10-9;10-15
620,True,2021895,0.9963964133035035,preco_constante,1,1.9314388370032924,1.892691329090109,14-13
621,True,1980632,0.946121430644497,preco_constante,1,1.8151963132637423,1.8539438211769257,11-12
622,True,1739952,0.8283797700775372,preco_constante,1,1.776448805350559,1.7377012974373758,10-9
623,True,1752283,0.7939632815128828,preco_constante,1,1.7377012974373758,1.7377012974373758,9-9
624,True,1638754,0.6538149361766092,preco_constante,1,1.660206281611009,1.6989537895241924,7-8
625,True,1710584,0.9936529188458639,preco_constante,1,1.9314388370032924,1.9701863449164756,14-15
626,True,2860459,0.5879505526369445,preco_constante,1,1.6989537895241924,1.6214587736978259,8-6
627,True,2706305,0.6275204553563214,ciclo,5,1.737701297437376,1.7532003006026489,1-6;9-11;14-15;15-12;6-3
628,True,1528097,0.9802709982858991,preco_constante,1,1.892691329090109,1.8539438211769257,13-12
629,True,1375704,0.7939632815128828,preco_constante,1,1.7377012974373758,1.7377012974373758,9-9
630,True,1647589,0.9402033810923631,ciclo,2,1.8151963132637423,1.8539438211769257,12-12;10-12
631,True,2415292,0.6538149361766092,preco_constante,1,1.6989537895241924,1.660206281611009,8-7
632,True,2264658,0.7247001870573546,ciclo,2,1.7570750513939672,1.7570750513939675,8-13;11-6
633,True,1515544,0.8950592933987115,preco_constante,1,1.776448805350559,1.8151963132637423,10-11
634,True,1657100,0.7939632815128828,preco_constante,1,1.7377012974373758,1.7377012974373758,9-9
635,True,1429339,0.9802709982858991,preco_constante,1,1.8539438211769257,1.892691329090109,12-13
636,True,1886267,0.946121430644497,preco_constante,1,1.8539438211769257,1.8151963132637423,12-11
637,True,1748740,0.9557863952548299,preco_constante,1,1.892691329090109,1.8151963132637423,13-11
638,True,1875603,0.8950592933987115,preco_constante,1,1.776448805350559,1.8151963132637423,10-11
639,True,1972257,0.9868658000690743,preco_constante,1,1.9701863449164756,1.9701863449164756,15-15
640,True,1837241,0.7068087514280333,preco_constante,1,1.6989537895241924,1.6989537895241924,8-8
641,True,2656320,0.6052323588195633,ciclo,2,1.6408325276544176,1.6989537895241924,5-6;8-10
642,True,1651344,0.735311106758579,ciclo,3,1.7247854614663147,1.7506171334084366,5-10;10-10;11-8
643,True,1919740,0.7939632815128828,preco_constante,1,1.7377012974373758,1.7377012974373758,9-9
644,True,1900275,0.744294501891522,ciclo,2,1.7377012974373756,1.7183275434807839,10-7;8-10
645,True,1853855,0.9283601554143872,ciclo,2,1.8539438211769257,1.9120650830467008,9-14;15-13
646,True,2713988,0.8433421895696325,ciclo,2,1.776448805350559,1.834570067220334,10-8;10-15
647,True,1872741,0.946121430644497,preco_constante,1,1.8539438211769257,1.8151963132637423,12-11
648,True,1999955,0.946121430644497,preco_constante,1,1.8151963132637423,1.8539438211769257,11-12
649,True,1818925,0.8283797700775372,preco_constante,1,1.776448805350559,1.7377012974373758,10-9
650,True,2508862,0.6538149361766092,preco_constante,1,1.660206281611009,1.6989537895241924,7-8
651,True,2267431,0.7984614175562629,ciclo,3,1.8151963132637423,1.750617133408437,12-13;10-10;11-5
652,True,1873801,0.8675865940474076,preco_constante,1,1.776448805350559,1.776448805350559,10-10
653,True,1710233,0.6882825512249104,preco_constante,1,1.660206281611009,1.7377012974373758,7-9
654,True,1712357,0.9685979680168119,preco_constante,1,1.8539438211769257,1.8539438211769257,12-12
655,True,1694758,0.8283797700775372,preco_constante,1,1.7377012974373758,1.776448805350559,9-10
656,True,1583727,0.9262500294506304,preco_constante,1,1.8151963132637423,1.8151963132637423,11-11
657,True,1660046,0.8984888690471747,ciclo,2,1.7958225593071506,1.8151963132637423,12-12;9-10
658,True,1958397,0.6075637744565859,preco_constante,1,1.660206281611009,1.660206281611009,7-7
659,True,1760397,0.7596862843122505,ciclo,2,1.7183275434807839,1.7570750513939672,10-12;7-7
660,True,1481595,0.7939632815128828,preco_constante,1,1.7377012974373758,1.7377012974373758,9-9
661,True,1435684,0.8950592933987115,preco_constante,1,1.8151963132637423,1.776448805350559,11-10
662,True,1699113,0.9262500294506304,preco_constante,1,1.8151963132637423,1.8151963132637423,11-11
663,True,1623427,0.9279238352144288,ciclo,3,1.8539438211769257,1.8410279852058646,15-14;10-11;11-10
664,True,1706227,0.8283797700775372,preco_constante,1,1.776448805350559,1.7377012974373758,10-9
665,True,1643237,0.8950592933987115,preco_constante,1,1.776448805350559,1.8151963132637423,10-11
666,True,1724089,0.919018760405521,ciclo,2,1.834570067220334,1.834570067220334,13-10;10-13
667,True,1640475,0.8112064520967106,ciclo,2,1.776448805350559,1.7570750513939672,12-12;8-7
668,True,1507422,0.8400127790645926,ciclo,2,1.776448805350559,1.7570750513939672,11-9;9-10
669,True,1655082,0.8950592933987115,preco_constante,1,1.776448805350559,1.8151963132637423,10-11
670,True,1661678,0.8283797700775372,preco_constante,1,1.7377012974373758,1.776448805350559,9-10
671,True,1385149,0.6963238985885732,ciclo,2,1.718327543480784,1.6989537895241924,8-10;9-6
672,True,1560424,0.7939632815128828,preco_constante,1,1.7377012974373758,1.7377012974373758,9-9
673,True,1633229,0.919018760405521,ciclo,2,1.834570067220334,1.834570067220334,10-13;13-10
674,True,1821690,0.7722270440943457,ciclo,2,1.7570750513939672,1.7764488053505592,8-6;11-14
675,True,2308528,0.6538149361766092,preco_constante,1,1.6989537895241924,1.660206281611009,8-7
676,True,1585869,0.7939632815128828,preco_constante,1,1.7377012974373758,1.7377012974373758,9-9
677,True,1482130,0.9262500294506304,preco_constante,1,1.8151963132637423,1.8151963132637423,11-11
678,True,2735308,0.8638777613235528,ciclo,2,1.8151963132637423,1.776448805350559,9-8;13-12
679,True,1643477,0.9685979680168119,preco_constante,1,1.8539438211769257,1.8539438211769257,12-12
680,True,2446771,0.8958826937954254,ciclo,2,1.7958225593071506,1.8733175751335174,8-11;13-14
681,True,1520520,0.9427843677783253,ciclo,2,1.8733175751335174,1.8539438211769257,10-11;15-13
682,True,1970965,0.9802709982858991,preco_constante,1,1.892691329090109,1.8539438211769257,13-12
683,True,1634950,0.9491253955571021,ciclo,2,1.834570067220334,1.892691329090109,13-12;10-14
684,True,2102149,0.7293062128006892,ciclo,2,1.7570750513939672,1.6989537895241924,12-8;7-8
685,True,1782632,0.9802709982858991,preco_constante,1,1.892691329090109,1.8539438211769257,13-12
686,True,1722278,0.90723940916929,ciclo,2,1.8539438211769257,1.834570067220334,15-11;9-12
687,True,2047452,0.8675865940474076,preco_constante,1,1.776448805350559,1.776448805350559,10-10
688,True,2024312,0.9094492434452193,ciclo,2,1.8539438211769257,1.8539438211769257,9-13;15-11
689,True,1818541,0.8380713523264715,ciclo,3,1.879775493119048,1.8151963132637423,12-15;11-5;15-13
690,True,1767689,0.9868658000690743,preco_constante,1,1.9701863449164756,1.9701863449164756,15-15
691,True,1796442,0.9934204037509164,preco_constante,1,1.892691329090109,1.892691329090109,13-13
692,True,1896256,0.6538149361766092,preco_constante,1,1.6989537895241924,1.660206281611009,8-7
693,True,1902439,0.8283797700775372,preco_constante,1,1.776448805350559,1.7377012974373758,10-9
694,True,1749412,0.9696118591533139,ciclo,3,1.8668596571479867,1.892691329090109,10-13;14-13;13-13
695,True,1721458,0.8665819020923348,ciclo,2,1.8151963132637423,1.7958225593071506,8-10;14-11
696,True,1766910,0.946121430644497,preco_constante,1,1.8539438211769257,1.8151963132637423,12-11
697,True,2247432,0.9802709982858991,preco_constante,1,1.892691329090109,1.8539438211769257,13-12
698,True,1562026,0.7068087514280333,preco_constante,1,1.6989537895241924,1.6989537895241924,8-8
699,True,1957095,0.9262500294506304,preco_constante,1,1.8151963132637423,1.8151963132637423,11-11
700,True,1596618,0.8675865940474076,preco_constante,1,1.776448805350559,1.776448805350559,10-10
701,True,1487311,0.6538149361766092,preco_constante,1,1.660206281611009,1.6989537895241924,7-8
702,True,1864827,0.8950592933987115,preco_constante,1,1.8151963132637423,1.776448805350559,11-10
703,True,1743910,0.9934204037509164,preco_constante,1,1.892691329090109,1.892691329090109,13-13
704,True,2065315,0.9802709982858991,preco_constante,1,1.892691329090109,1.8539438211769257,13-12
705,True,1839494,0.8061919709238642,ciclo,2,1.8151963132637423,1.7764488053505592,13-14;9-6
706,True,1775639,0.9125374584591353,ciclo,2,1.8151963132637423,1.8539438211769257,9-13;13-11
707,True,1985485,0.9262500294506304,preco_constante,1,1.8151963132637423,1.8151963132637423,11-11
708,True,1809235,0.7474845243612063,preco_constante,1,1.7377012974373758,1.6989537895241924,9-8
709,True,1566577,0.9109000869142266,ciclo,2,1.834570067220334,1.8151963132637423,13-13;10-9
710,True,1728997,0.7939632815128828,preco_constante,1,1.7377012974373758,1.7377012974373758,9-9
711,True,1749427,0.9262500294506304,preco_constante,1,1.8151963132637423,1.8151963132637423,11-11
712,True,2296667,0.9258673265903279,ciclo,2,1.9120650830467008,1.8539438211769257,12-9;15-15
713,True,1758585,0.8675865940474076,preco_constante,1,1.776448805350559,1.776448805350559,10-10
714,True,1854774,0.9506867549642336,ciclo,2,1.8539438211769257,1.8733175751335174,14-12;10-13
715,True,2731270,0.6416226165300924,ciclo,6,1.7377012974373756,1.7312433794518451,13-15;11-10;6-9;10-2;4-10;10-7
716,True,1967825,0.8950592933987115,preco_constante,1,1.776448805350559,1.8151963132637423,10-11
717,True,1790570,0.8283797700775372,preco_constante,1,1.7377012974373758,1.776448805350559,9-10
718,True,1976294,0.6803118438023213,ciclo,2,1.6795800355676007,1.6989537895241924,8-8;7-8
719,True,1430550,0.7939632815128828,preco_constante,1,1.7377012974373758,1.7377012974373758,9-9
720,True,1668740,0.9685979680168119,preco_constante,1,1.8539438211769257,1.8539438211769257,12-12
721,True,1701553,0.8675865940474076,preco_constante,1,1.776448805350559,1.776448805350559,10-10
722,True,1711158,0.946121430644497,preco_constante,1,1.8539438211769257,1.8151963132637423,12-11
723,True,2079346,0.8377549893294012,ciclo,2,1.8151963132637423,1.7958225593071506,13-8;9-13
724,True,1716233,0.9109000869142266,ciclo,2,1.8151963132637423,1.834570067220334,9-10;13-13
725,True,1877013,0.9685979680168119,preco_constante,1,1.8539438211769257,1.8539438211769257,12-12
726,True,1751197,0.9802709982858991,preco_constante,1,1.8539438211769257,1.892691329090109,12-13
727,True,1722137,0.9298989819106896,ciclo,2,1.892691329090109,1.8539438211769257,13-9;13-15
728,True,1749366,0.9685979680168119,preco_constante,1,1.8539438211769257,1.8539438211769257,12-12
729,True,1847329,0.7939632815128828,preco_constante,1,1.7377012974373758,1.7377012974373758,9-9
730,True,1599097,0.946121430644497,preco_constante,1,1.8539438211769257,1.8151963132637423,12-11
731,True,1575174,0.8783569823099256,ciclo,4,1.8539438211769257,1.834570067220334,8-14;14-8;14-14;12-10
732,True,1922274,0.7939632815128828,preco_constante,1,1.7377012974373758,1.7377012974373758,9-9
733,True,2339675,0.7132089928085797,ciclo,4,1.766761928372263,1.72801442045908,12-13;10-8;10-12;7-2
734,True,2021203,0.9118087941679149,preco_constante,1,1.776448805350559,1.8539438211769257,10-12
735,True,1938354,0.7474845243612063,preco_constante,1,1.6989537895241924,1.7377012974373758,8-9
736,True,1716107,0.9963964133035035,preco_constante,1,1.9314388370032924,1.892691329090109,14-13
737,True,1871685,0.8283797700775372,preco_constante,1,1.776448805350559,1.7377012974373758,10-9
738,True,1781366,0.8283797700775372,preco_constante,1,1.7377012974373758,1.776448805350559,9-10
739,True,2196734,0.9963964133035035,preco_constante,1,1.9314388370032924,1.892691329090109,14-13
740,True,1869504,0.8950592933987115,preco_constante,1,1.776448805350559,1.8151963132637423,10-11
741,True,1875934,0.9916311066862888,ciclo,2,1.9508125909598841,1.9314388370032924,14-13;15-15
742,True,1778710,0.8283797700775372,preco_constante,1,1.776448805350559,1.7377012974373758,10-9
743,True,1806207,0.8889479087511389,ciclo,2,1.776448805350559,1.8151963132637423,11-11;9-11
744,True,1896207,0.7939632815128828,preco_constante,1,1.7377012974373758,1.7377012974373758,9-9
745,True,1864083,0.8950592933987115,preco_constante,1,1.8151963132637423,1.776448805350559,11-10
746,True,1910724,0.8950592933987115,preco_constante,1,1.8151963132637423,1.776448805350559,11-10
747,True,1291196,0.8675865940474076,preco_constante,1,1.776448805350559,1.776448805350559,10-10
748,True,2221690,0.7507900698000685,ciclo,2,1.6989537895241924,1.776448805350559,10-10;6-10
749,True,2037397,0.732471409928916,ciclo,2,1.718327543480784,1.7183275434807839,9-7;8-10
750,True,1730006,0.8950592933987115,preco_constante,1,1.776448805350559,1.8151963132637423,10-11
751,True,1964691,0.8950592933987115,preco_constante,1,1.776448805350559,1.8151963132637423,10-11
752,True,1697562,0.7939632815128828,preco_constante,1,1.7377012974373758,1.7377012974373758,9-9
753,True,1680528,0.8950592933987115,preco_constante,1,1.776448805350559,1.8151963132637423,10-11
754,True,1708108,0.9802709982858991,preco_constante,1,1.892691329090109,1.8539438211769257,13-12
755,True,1866441,0.8283797700775372,preco_constante,1,1.7377012974373758,1.776448805350559,9-10
756,True,1721566,0.8442345314004183,ciclo,2,1.776448805350559,1.776448805350559,12-10;8-10
757,True,1447025,0.9934204037509164,preco_constante,1,1.892691329090109,1.892691329090109,13-13
758,True,1574788,0.9306326332075424,ciclo,2,1.8733175751335174,1.834570067220334,12-9;13-14
759,True,1879948,0.6310921095418711,ciclo,2,1.679580035567601,1.6795800355676007,9-10;6-5
760,True,1802824,0.9557863952548299,preco_constante,1,1.892691329090109,1.8151963132637423,13-11
761,True,1694431,0.9685979680168119,preco_constante,1,1.8539438211769257,1.8539438211769257,12-12
762,True,2486934,0.6127237390360537,ciclo,3,1.647290445639948,1.6989537895241924,7-8;5-9;8-7
763,True,2413317,0.8037061002372007,ciclo,6,1.8151963132637425,1.7699908873650283,10-7;15-10;15-14;9-10;9-13;8-5
764,True,1613256,0.7906086284067813,ciclo,2,1.7570750513939672,1.776448805350559,9-13;10-7
765,True,1835856,0.9262500294506304,preco_constante,1,1.8151963132637423,1.8151963132637423,11-11
766,True,1620573,0.9205903620216043,ciclo,2,1.834570067220334,1.7958225593071506,11-10;12-11
767,True,1772413,0.8950592933987115,preco_constante,1,1.776448805350559,1.8151963132637423,10-11
768,True,1868930,0.9118087941679149,preco_constante,1,1.8539438211769257,1.776448805350559,12-10
769,True,1930353,0.8675865940474076,preco_constante,1,1.776448805350559,1.776448805350559,10-10
770,True,1588014,0.7474845243612063,preco_constante,1,1.6989537895241924,1.7377012974373758,8-9
771,True,1672395,0.9685979680168119,preco_constante,1,1.8539438211769257,1.8539438211769257,12-12
772,True,1857566,0.8307749377801452,ciclo,2,1.7570750513939672,1.7570750513939672,10-10;9-9
773,True,1731434,0.946121430644497,preco_constante,1,1.8539438211769257,1.8151963132637423,12-11
774,True,2070452,0.9802709982858991,preco_constante,1,1.8539438211769257,1.892691329090109,12-13
775,True,2834042,0.776660268632922,preco_constante,1,1.6989537895241924,1.776448805350559,8-10
776,True,2840510,0.7090431965558591,ciclo,2,1.776448805350559,1.679580035567601,13-9;7-6
777,True,2807423,0.7527303621141284,ciclo,2,1.7377012974373756,1.718327543480784,7-8;11-9
778,True,1882697,0.8019712501535345,ciclo,3,1.7635329693794979,1.7506171334084366,11-7;9-11;9-10
779,True,1713597,0.946121430644497,preco_constante,1,1.8539438211769257,1.8151963132637423,12-11
780,True,1968665,0.7220887478642115,ciclo,4,1.72801442045908,1.7667619283722633,13-11;6-5;5-10;11-13
781,True,1501844,0.9905094421579391,ciclo,2,1.9314388370032924,1.9314388370032924,15-13;13-15
782,True,1948320,0.8988836093480725,ciclo,2,1.7958225593071506,1.8151963132637423,9-11;12-11
783,True,1644585,0.946121430644497,preco_constante,1,1.8151963132637423,1.8539438211769257,11-12
784,True,1629328,0.8516354598080184,ciclo,2,1.7958225593071506,1.776448805350559,13-11;8-9
785,True,1827182,0.9262500294506304,preco_constante,1,1.8151963132637423,1.8151963132637423,11-11
786,True,1756119,0.946121430644497,preco_constante,1,1.8539438211769257,1.8151963132637423,12-11
787,True,1829471,0.9963964133035035,preco_constante,1,1.9314388370032924,1.892691329090109,14-13
788,True,2564766,0.5683742120426113,ciclo,2,1.6602062816110092,1.6408325276544176,6-7;8-6
789,True,1529401,0.8950592933987115,preco_constante,1,1.8151963132637423,1.776448805350559,11-10
790,True,2476576,0.7030805380147308,ciclo,4,1.7473881744156716,1.7473881744156716,14-12;8-9;4-10;11-6
791,True,2884143,0.7099195928761343,ciclo,2,1.6989537895241924,1.7570750513939672,6-11;10-8
792,True,1481613,0.9211025647785954,ciclo,4,1.8636306981552215,1.8539438211769257,10-9;15-10;13-14;11-15
793,True,2536512,0.5487978714482782,preco_constante,1,1.6214587736978259,1.660206281611009,6-7
794,True,1666251,0.8675865940474076,preco_constante,1,1.776448805350559,1.776448805350559,10-10
795,True,1905968,0.7474845243612063,preco_constante,1,1.7377012974373758,1.6989537895241924,9-8
796,True,2117344,0.7474845243612063,preco_constante,1,1.7377012974373758,1.6989537895241924,9-8
797,True,1545670,0.7939632815128828,preco_constante,1,1.7377012974373758,1.7377012974373758,9-9
798,True,1781393,0.9997339378191982,preco_constante,1,1.9314388370032924,1.9314388370032924,14-14
799,True,1821784,0.946121430644497,preco_constante,1,1.8539438211769257,1.8151963132637423,12-11
800,True,1629687,0.9431010324961681,ciclo,2,1.9120650830467008,1.8733175751335174,12-15;15-10
801,True,2218089,0.6538149361766092,preco_constante,1,1.660206281611009,1.6989537895241924,7-8
802,True,1802420,0.8675865940474076,preco_constante,1,1.776448805350559,1.776448805350559,10-10
803,True,1697165,0.7068087514280333,preco_constante,1,1.6989537895241924,1.6989537895241924,8-8
804,True,1768903,0.9053672598002419,ciclo,2,1.8151963132637423,1.834570067220334,12-14;10-9
805,True,1741462,0.8675865940474076,preco_constante,1,1.776448805350559,1.776448805350559,10-10
806,True,2093796,0.7216012097292626,ciclo,13,1.7585653401598589,1.734720719905592,5-6;6-4;7-10;14-5;9-11;9-9;11-9;11-13;15-9;13-14;12-10;8-10;4-6
807,True,2608781,0.5487978714482782,preco_constante,1,1.660206281611009,1.6214587736978259,7-6
808,True,1853646,0.8283797700775372,preco_constante,1,1.776448805350559,1.7377012974373758,10-9
809,True,1706212,0.7068087514280333,preco_constante,1,1.6989537895241924,1.6989537895241924,8-8
810,True,1941476,0.9262500294506304,preco_constante,1,1.8151963132637423,1.8151963132637423,11-11
811,True,1867682,0.9934204037509164,preco_constante,1,1.892691329090109,1.892691329090109,13-13
812,True,2658594,0.811266598526338,ciclo,2,1.8733175751335174,1.7764488053505592,13-6;12-14
813,True,2024780,0.9118087941679149,preco_constante,1,1.8539438211769257,1.776448805350559,12-10
814,True,1977018,0.969368011310454,ciclo,6,1.8862334111045786,1.912065083046701,12-13;9-12;13-15;14-15;15-13;14-13
815,True,1479040,0.9404839074430361,ciclo,3,1.8539438211769257,1.8151963132637423,12-11;13-12;11-10
816,True,1913990,0.946121430644497,preco_constante,1,1.8539438211769257,1.8151963132637423,12-11
817,True,1781392,0.938320747231735,ciclo,3,1.8668596571479867,1.8410279852058646,15-14;11-10;11-11
818,True,1405987,0.7670359916407208,ciclo,2,1.7377012974373758,1.7570750513939672,6-8;12-11
819,True,1461851,0.9262500294506304,preco_constante,1,1.8151963132637423,1.8151963132637423,11-11
820,True,1987450,0.9685979680168119,preco_constante,1,1.8539438211769257,1.8539438211769257,12-12
821,True,1922221,0.6075637744565859,preco_constante,1,1.660206281611009,1.660206281611009,7-7
822,True,1912332,0.9262500294506304,preco_constante,1,1.8151963132637423,1.8151963132637423,11-11
823,True,1930132,0.7939632815128828,preco_constante,1,1.7377012974373758,1.7377012974373758,9-9
824,True,2834214,0.7319247864919413,ciclo,3,1.750617133408437,1.78936464132162,13-10;12-14;3-7
825,True,1848486,0.8283797700775372,preco_constante,1,1.7377012974373758,1.776448805350559,9-10
826,True,1956355,0.7309982561732509,ciclo,2,1.7377012974373758,1.776448805350559,5-10;13-10
827,True,1739132,0.9262500294506304,preco_constante,1,1.8151963132637423,1.8151963132637423,11-11
828,True,1732092,0.8571938673464339,ciclo,2,1.7958225593071506,1.7958225593071506,13-10;8-11
829,True,1761841,0.8440533448180575,ciclo,2,1.8151963132637423,1.8151963132637423,10-7;12-15
830,True,1837286,0.9541026037357092,ciclo,2,1.892691329090109,1.834570067220334,12-10;14-13
831,True,1733603,0.7939632815128828,preco_constante,1,1.7377012974373758,1.7377012974373758,9-9
832,True,1470919,0.9262500294506304,preco_constante,1,1.8151963132637423,1.8151963132637423,11-11
833,True,1970529,0.9760914042791664,ciclo,2,1.9120650830467008,1.8539438211769257,13-11;14-13
834,True,2150685,0.8677948139507793,ciclo,3,1.8281121492348034,1.78936464132162,14-13;10-7;10-11
835,True,1731454,0.7474845243612063,preco_constante,1,1.7377012974373758,1.6989537895241924,9-8
836,True,1470296,0.9240211006775757,ciclo,2,1.8151963132637423,1.8733175751335174,9-11;13-14
837,True,1537060,0.7906086284067813,ciclo,2,1.7570750513939672,1.776448805350559,9-13;10-7
838,True,1874122,0.8445112874557974,ciclo,2,1.7570750513939672,1.776448805350559,9-9;10-11
839,True,2595696,0.5487978714482782,preco_constante,1,1.6214587736978259,1.660206281611009,6-7
840,True,1866691,0.8950592933987115,preco_constante,1,1.776448805350559,1.8151963132637423,10-11
841,True,1797823,0.8000456726964127,ciclo,2,1.7570750513939672,1.7570750513939672,10-12;9-7
842,True,1344927,0.9374025778301754,ciclo,2,1.8539438211769257,1.834570067220334,11-13;13-10
843,True,2180076,0.6771490175526061,ciclo,3,1.6989537895241924,1.6989537895241924,6-6;11-11;7-7
844,True,2054719,0.9685979680168119,preco_constante,1,1.8539438211769257,1.8539438211769257,12-12
845,True,2402381,0.6538149361766092,preco_constante,1,1.660206281611009,1.6989537895241924,7-8
846,True,2019942,0.946121430644497,preco_constante,1,1.8151963132637423,1.8539438211769257,11-12
847,True,1641328,0.7707239029370443,ciclo,2,1.718327543480784,1.7377012974373758,9-9;8-9
848,True,1633250,0.9257814144752292,ciclo,2,1.8539438211769257,1.8151963132637423,10-11;14-11
849,True,1361979,0.8675865940474076,preco_constante,1,1.776448805350559,1.776448805350559,10-10
850,True,2253433,0.7474845243612063,preco_constante,1,1.6989537895241924,1.7377012974373758,8-9
851,True,1844328,0.7939632815128828,preco_constante,1,1.7377012974373758,1.7377012974373758,9-9
852,True,1622754,0.7474845243612063,preco_constante,1,1.6989537895241924,1.7377012974373758,8-9
853,True,1653940,0.9963964133035035,preco_constante,1,1.9314388370032924,1.892691329090109,14-13
854,True,1805079,0.946121430644497,preco_constante,1,1.8539438211769257,1.8151963132637423,12-11
855,True,1786259,0.9262500294506304,preco_constante,1,1.8151963132637423,1.8151963132637423,11-11
856,True,1531859,0.6710487437007596,ciclo,2,1.6989537895241924,1.6795800355676007,7-8;9-7
857,True,1710361,0.7474845243612063,preco_constante,1,1.7377012974373758,1.6989537895241924,9-8
858,True,2004840,0.8813229437230593,ciclo,2,1.7958225593071506,1.776448805350559,11-10;10-10
859,True,1811085,0.7068087514280333,preco_constante,1,1.6989537895241924,1.6989537895241924,8-8
860,True,1974000,0.9934204037509164,preco_constante,1,1.892691329090109,1.892691329090109,13-13
861,True,2144760,0.8112064520967106,ciclo,2,1.776448805350559,1.7570750513939672,8-7;12-12
862,True,1748682,0.8675865940474076,preco_constante,1,1.776448805350559,1.776448805350559,10-10
863,True,2332370,0.6803118438023213,ciclo,2,1.6795800355676007,1.6989537895241924,8-8;7-8
864,True,1837930,0.9934204037509164,preco_constante,1,1.892691329090109,1.892691329090109,13-13
865,True,1926177,0.8950592933987115,preco_constante,1,1.776448805350559,1.8151963132637423,10-11
866,True,1820750,0.9950246660746837,ciclo,2,1.9120650830467008,1.9508125909598841,13-14;14-15
867,True,1849438,0.6538149361766092,preco_constante,1,1.660206281611009,1.6989537895241924,7-8
868,True,1638265,0.7474845243612063,preco_constante,1,1.7377012974373758,1.6989537895241924,9-8
869,True,1590558,0.9262500294506304,preco_constante,1,1.8151963132637423,1.8151963132637423,11-11
870,True,2590125,0.5602393858618525,ciclo,2,1.6989537895241924,1.6408325276544176,7-9;9-4
871,True,2847115,0.7536488547187349,ciclo,2,1.6795800355676007,1.7958225593071506,8-11;7-10
872,True,1573058,0.9631962144651981,ciclo,2,1.8539438211769257,1.8539438211769257,11-12;13-12
873,True,1924151,0.8026316997583558,ciclo,3,1.7635329693794979,1.7377012974373756,10-10;10-7;9-10
874,True,1888158,0.9642380900837219,ciclo,2,1.8733175751335174,1.8539438211769257,11-12;14-12
875,True,1992370,0.8950592933987115,preco_constante,1,1.8151963132637423,1.776448805350559,11-10
876,True,2485047,0.6828718356633656,ciclo,2,1.7183275434807839,1.6795800355676007,7-8;10-7
877,True,1734018,0.8297609576106648,ciclo,2,1.7958225593071506,1.8539438211769257,8-15;13-9
878,True,1731028,0.9963964133035035,preco_constante,1,1.892691329090109,1.9314388370032924,13-14
879,True,2097399,0.6905571511098704,ciclo,3,1.7377012974373756,1.6989537895241924,11-5;8-9;8-10
880,True,1640761,0.7939632815128828,preco_constante,1,1.7377012974373758,1.7377012974373758,9-9
881,True,1878239,0.946121430644497,preco_constante,1,1.8539438211769257,1.8151963132637423,12-11
882,True,2460628,0.7151557073251752,ciclo,3,1.7377012974373756,1.7635329693794979,7-10;14-14;6-5
883,True,2081600,0.8360048114879579,ciclo,2,1.7570750513939672,1.8151963132637423,7-11;12-11
884,True,2145351,0.7152376024047656,ciclo,2,1.7183275434807839,1.6989537895241924,10-8;7-8
885,True,1753768,0.9403088621016158,ciclo,3,1.8539438211769257,1.8281121492348034,11-13;12-11;13-10
886,True,1896141,0.9685979680168119,preco_constante,1,1.8539438211769257,1.8539438211769257,12-12
887,True,1743298,0.7256597697358333,ciclo,5,1.745450799020012,1.7686993037679222,8-7;12-14;3-9;9-7;14-12
888,True,1756933,0.896918311749019,ciclo,2,1.7958225593071506,1.7958225593071506,11-11;10-10
889,True,2904795,0.946121430644497,preco_constante,1,1.8539438211769257,1.8151963132637423,12-11
890,True,1876051,0.8283797700775372,preco_constante,1,1.7377012974373758,1.776448805350559,9-10
891,True,1933429,0.9532605138682645,ciclo,2,1.8539438211769257,1.834570067220334,13-12;11-11
892,True,1528865,0.7474845243612063,preco_constante,1,1.6989537895241924,1.7377012974373758,8-9
893,True,1772351,0.9802709982858991,preco_constante,1,1.892691329090109,1.8539438211769257,13-12
894,True,1500453,0.8036506558152159,ciclo,2,1.776448805350559,1.7570750513939672,7-9;13-10
895,True,2113892,0.7902536232581955,ciclo,3,1.750617133408437,1.7506171334084366,9-12;9-9;10-7
896,True,1595230,0.9372416641900254,ciclo,2,1.8539438211769257,1.8733175751335174,14-11;10-14
897,True,1479487,0.9368830940415671,ciclo,2,1.8733175751335174,1.834570067220334,11-13;14-10
898,True,1421323,0.8950592933987115,preco_constante,1,1.8151963132637423,1.776448805350559,11-10
899,True,1887881,0.8283797700775372,preco_constante,1,1.776448805350559,1.7377012974373758,10-9
900,True,1216113,0.7939632815128828,preco_constante,1,1.7377012974373758,1.7377012974373758,9-9
901,True,1567609,0.8283797700775372,preco_constante,1,1.7377012974373758,1.776448805350559,9-10
902,True,1648948,0.6381165519309274,ciclo,2,1.6795800355676007,1.679580035567601,8-6;7-9
903,True,2893557,0.8003462947898485,ciclo,2,1.776448805350559,1.7958225593071506,13-9;7-12
904,True,1598122,0.7068087514280333,preco_constante,1,1.6989537895241924,1.6989537895241924,8-8
905,True,1821543,0.9949084085272102,ciclo,2,1.9120650830467008,1.892691329090109,14-13;13-13
906,True,2143871,0.7247001870573546,ciclo,2,1.7570750513939675,1.7570750513939672,6-11;13-8
907,True,1781398,0.8283797700775372,preco_constante,1,1.7377012974373758,1.776448805350559,9-10
908,True,1718964,0.8950592933987115,preco_constante,1,1.776448805350559,1.8151963132637423,10-11
909,True,1622793,0.946121430644497,preco_constante,1,1.8151963132637423,1.8539438211769257,11-12
910,True,1634761,0.9262500294506304,preco_constante,1,1.8151963132637423,1.8151963132637423,11-11
911,True,1549742,0.7939632815128828,preco_constante,1,1.7377012974373758,1.7377012974373758,9-9
912,True,1672062,0.7939632815128828,preco_constante,1,1.7377012974373758,1.7377012974373758,9-9
913,True,1498651,0.8149542639892137,ciclo,2,1.776448805350559,1.7958225593071506,10-7;10-14
914,True,2024272,0.8223930433883286,ciclo,2,1.7958225593071506,1.776448805350559,7-9;14-11
915,True,2153555,0.8675865940474076,preco_constante,1,1.776448805350559,1.776448805350559,10-10
916,True,1339317,0.946121430644497,preco_constante,1,1.8539438211769257,1.8151963132637423,12-11
917,True,1530874,0.946121430644497,preco_constante,1,1.8151963132637423,1.8539438211769257,11-12
918,True,1999791,0.8675865940474076,preco_constante,1,1.776448805350559,1.776448805350559,10-10
919,True,1643658,0.8950592933987115,preco_constante,1,1.776448805350559,1.8151963132637423,10-11
920,True,2240473,0.6431972424023432,ciclo,3,1.6989537895241924,1.7118696254952537,3-6;8-8;13-11
921,True,1642245,0.8950592933987115,preco_constante,1,1.8151963132637423,1.776448805350559,11-10
922,True,1813190,0.9262500294506304,preco_constante,1,1.8151963132637423,1.8151963132637423,11-11
923,True,1554021,0.8675865940474076,preco_constante,1,1.776448805350559,1.776448805350559,10-10
924,True,2323586,0.9079104169489169,ciclo,2,1.8733175751335174,1.8539438211769257,11-15;14-9
925,True,2310097,0.5879505526369445,preco_constante,1,1.6214587736978259,1.6989537895241924,6-8
926,True,1865921,0.853079595308659,ciclo,2,1.776448805350559,1.834570067220334,7-11;13-12
927,True,1861769,0.7799953369767797,ciclo,3,1.7247854614663145,1.7635329693794979,10-9;8-12;8-8
928,True,1639094,0.7939632815128828,preco_constante,1,1.7377012974373758,1.7377012974373758,9-9
929,True,1835494,0.7410973531270735,ciclo,2,1.7183275434807839,1.718327543480784,10-9;7-8
930,True,1673164,0.9685979680168119,preco_constante,1,1.8539438211769257,1.8539438211769257,12-12
931,True,1914959,0.946121430644497,preco_constante,1,1.8539438211769257,1.8151963132637423,12-11
932,True,1740048,0.9936529188458639,preco_constante,1,1.9314388370032924,1.9701863449164756,14-15
933,True,1490784,0.9337975947113721,ciclo,2,1.834570067220334,1.834570067220334,12-10;11-13
934,True,1635899,0.7991711390335857,ciclo,2,1.7764488053505592,1.7958225593071506,6-9;14-12
935,True,1878068,0.7939632815128828,preco_constante,1,1.7377012974373758,1.7377012974373758,9-9
936,True,1751007,0.8283797700775372,preco_constante,1,1.776448805350559,1.7377012974373758,10-9
937,True,1646453,0.7474845243612063,preco_constante,1,1.6989537895241924,1.7377012974373758,8-9
938,True,2100575,0.9997339378191982,preco_constante,1,1.9314388370032924,1.9314388370032924,14-14
939,True,2183699,0.6803041666157732,ciclo,2,1.718327543480784,1.6989537895241924,8-5;9-11
940,True,2644604,0.5108775008215748,ciclo,2,1.6214587736978259,1.6408325276544176,6-8;6-5
941,True,1566646,0.8675865940474076,preco_constante,1,1.776448805350559,1.776448805350559,10-10
942,True,1662954,0.9387070214608291,ciclo,2,1.834570067220334,1.8539438211769257,12-14;11-10
943,True,1597364,0.9802709982858991,preco_constante,1,1.892691329090109,1.8539438211769257,13-12
944,True,1592029,0.7068087514280333,preco_constante,1,1.6989537895241924,1.6989537895241924,8-8
945,True,2454244,0.7699641696382792,ciclo,2,1.7377012974373758,1.7377012974373756,9-7;9-11
946,True,1675655,0.8950592933987115,preco_constante,1,1.776448805350559,1.8151963132637423,10-11
947,True,1844320,0.9997339378191982,preco_constante,1,1.9314388370032924,1.9314388370032924,14-14
948,True,1893832,0.9635180535392666,ciclo,3,1.892691329090109,1.892691329090109,15-12;14-13;10-14
949,True,1784556,0.9934204037509164,preco_constante,1,1.892691329090109,1.892691329090109,13-13
950,True,1769430,0.6075637744565859,preco_constante,1,1.660206281611009,1.660206281611009,7-7
951,True,1474221,0.9372416641900254,ciclo,2,1.8733175751335174,1.8539438211769257,11-14;14-10
952,True,1795407,0.9262500294506304,preco_constante,1,1.8151963132637423,1.8151963132637423,11-11
953,True,1730655,0.8950592933987115,preco_constante,1,1.776448805350559,1.8151963132637423,10-11
954,True,2495077,0.8352805605012079,ciclo,4,1.8055094362854465,1.776448805350559,13-14;9-7;9-11;12-8
955,True,2137269,0.7474845243612063,preco_constante,1,1.6989537895241924,1.7377012974373758,8-9
956,True,1607773,0.8283797700775372,preco_constante,1,1.776448805350559,1.7377012974373758,10-9
957,True,1503520,0.7474845243612063,preco_constante,1,1.6989537895241924,1.7377012974373758,8-9
958,True,1842935,0.9934204037509164,preco_constante,1,1.892691329090109,1.892691329090109,13-13
959,True,1556811,0.9685979680168119,preco_constante,1,1.8539438211769257,1.8539438211769257,12-12
960,True,1702978,0.8502308351369489,ciclo,2,1.834570067220334,1.8151963132637423,8-8;15-14
961,True,2846147,0.6098975372288904,ciclo,4,1.6795800355676005,1.7183275434807839,7-12;13-8;3-7;7-7
962,True,1648167,0.9262500294506304,preco_constante,1,1.8151963132637423,1.8151963132637423,11-11
963,True,1788413,0.9685979680168119,preco_constante,1,1.8539438211769257,1.8539438211769257,12-12
964,True,1636292,0.9685979680168119,preco_constante,1,1.8539438211769257,1.8539438211769257,12-12
965,True,1645446,0.8103118297629657,ciclo,3,1.8151963132637423,1.78936464132162,7-8;14-8;12-15
966,True,2377415,0.9170002687872973,ciclo,2,1.7958225593071506,1.8733175751335174,9-11;12-14
967,True,2257627,0.9934204037509164,preco_constante,1,1.892691329090109,1.892691329090109,13-13
968,True,1747449,0.8283797700775372,preco_constante,1,1.7377012974373758,1.776448805350559,9-10
969,True,1780054,0.9810091858838642,ciclo,2,1.8733175751335174,1.8733175751335174,12-12;13-13
970,True,2890712,0.49130116022724163,ciclo,2,1.6020850197412342,1.6408325276544176,5-6;6-7
971,True,1694993,0.8283797700775372,preco_constante,1,1.7377012974373758,1.776448805350559,9-10
972,True,1874038,0.8950592933987115,preco_constante,1,1.8151963132637423,1.776448805350559,11-10
973,True,2062307,0.8493601716820967,ciclo,3,1.78936464132162,1.8410279852058646,9-13;15-13;7-9
974,True,1934019,0.9936529188458639,preco_constante,1,1.9701863449164756,1.9314388370032924,15-14
975,True,2803604,0.6882825512249104,preco_constante,1,1.660206281611009,1.7377012974373758,7-9
976,True,2869534,0.6720834228678128,ciclo,2,1.7377012974373756,1.6602062816110092,7-6;11-8
977,True,1705878,0.8342767747554048,ciclo,2,1.7958225593071506,1.776448805350559,12-13;9-7
978,True,1816356,0.8950592933987115,preco_constante,1,1.8151963132637423,1.776448805350559,11-10
979,True,2243824,0.7389905689172428,ciclo,3,1.7635329693794979,1.7247854614663147,7-7;9-6;13-13
980,True,2061485,0.8133125254816986,ciclo,4,1.8055094362854465,1.7377012974373756,8-10;13-9;13-10;9-7
981,True,1700644,0.8920830826661837,ciclo,2,1.7958225593071506,1.8151963132637423,10-9;11-13
982,True,2805164,0.5163432869471013,ciclo,5,1.6602062816110092,1.6912042879415559,1-8;7-10;9-12;7-3;11-6
983,True,1829131,0.9262500294506304,preco_constante,1,1.8151963132637423,1.8151963132637423,11-11
984,True,2451608,0.7884053929805472,ciclo,4,1.7570750513939672,1.7473881744156714,7-7;11-12;8-7;12-11
985,True,1731408,0.9963964133035035,preco_constante,1,1.9314388370032924,1.892691329090109,14-13
986,True,1901022,0.986287183894748,ciclo,2,1.9314388370032924,1.892691329090109,15-12;13-14
987,True,2113849,0.9086680572263729,ciclo,3,1.8668596571479867,1.8410279852058646,15-11;8-10;14-14
988,True,1797360,0.8988836093480725,ciclo,2,1.8151963132637423,1.7958225593071506,11-9;11-12
989,True,2085984,0.6845081299237861,ciclo,8,1.766761928372263,1.7425447359265236,11-7;7-10;12-1;4-6;13-10;8-14;12-12;11-13
990,True,2186964,0.6975456513264722,ciclo,2,1.718327543480784,1.6795800355676007,9-7;8-8
991,True,1817443,0.8700423560786902,ciclo,2,1.776448805350559,1.7958225593071506,9-9;11-12
992,True,1809846,0.9802709982858991,preco_constante,1,1.8539438211769257,1.892691329090109,12-13
993,True,1607794,0.9324957591117783,ciclo,3,1.8281121492348034,1.8539438211769257,11-10;12-15;11-11
994,True,1419747,0.8662233319438759,ciclo,2,1.7958225593071506,1.7958225593071506,8-10;13-11
995,True,1722456,0.8837871027976144,ciclo,3,1.8281121492348034,1.8151963132637423,13-8;9-12;12-13
996,True,1682644,0.8950592933987115,preco_constante,1,1.8151963132637423,1.776448805350559,11-10
997,True,1808020,0.946121430644497,preco_constante,1,1.8151963132637423,1.8539438211769257,11-12
998,True,3012640,0.776660268632922,preco_constante,1,1.6989537895241924,1.776448805350559,8-10
999,True,1645279,0.9685979680168119,preco_constante,1,1.8539438211769257,1.8539438211769257,12-12
1000,True,1586951,0.9262500294506304,preco_constante,1,1.8151963132637423,1.8151963132637423,11-11
